data,link_DOE,link_DOE_EXTRA
2017/01/01,False,False
2017/01/02,https://drive.google.com/open?id=1jM80-baVV8Y5gW3wFJQv0KWUCOUyBogg,False
2017/01/03,https://drive.google.com/open?id=11KqYivkQ-WUH2AI2oO456oKKTUMIad80,False
2017/01/04,https://drive.google.com/open?id=1vkuj3t1_Xt09OKToNcBFJLaZcv5g-qjE,False
2017/01/05,https://drive.google.com/open?id=1Sc9cjRLF87XVnE_WBsnmtqWphmnY3WBW,False
2017/01/06,https://drive.google.com/open?id=186tUXIjXLTXzafQg7sVy4u8gN6WO26r_,False
2017/01/07,False,False
2017/01/08,False,False
2017/01/09,https://drive.google.com/open?id=1X_FlL5T1KLz0HriKo71-yILuphIN6Ogl,False
2017/01/10,https://drive.google.com/open?id=1EMPucxlBkXhc96caji_wwynz_OofpDJX,False
2017/01/11,https://drive.google.com/open?id=1y0GvSiMkvVX52DkN3OeuJxoqa9ZTQMSN,False
2017/01/12,https://drive.google.com/open?id=1SKSDrnxvqLLcWppYn41lj5ixsw8pojIo,False
2017/01/13,https://drive.google.com/open?id=14N5GJ4_6gL9onTWx4Ra7Cj8WNnUTiR4r,False
2017/01/14,False,False
2017/01/15,False,False
2017/01/16,https://drive.google.com/open?id=1aCfB1ihcfDc5r2BdC2fXtQNRWG4fkXyK,False
2017/01/17,https://drive.google.com/open?id=10L26FGUNvjP1AAEmSNu7b8LIKKyAba5C,False
2017/01/18,https://drive.google.com/open?id=19t1WqxeIOT-QnNADmivjkjtDsCT5j692,False
2017/01/19,https://drive.google.com/open?id=1M8wEFl6Wl9plHYOnHlDsqWEifMPXc_WV,False
2017/01/20,https://drive.google.com/open?id=1rPRO2UMdkU23C3yXOjbQ1KXtKJgVBN6J,False
2017/01/21,False,False
2017/01/22,False,False
2017/01/23,https://drive.google.com/open?id=1sPfNYQ4S6jjPK3bBZWBadTSiwjHbXrYx,False
2017/01/24,https://drive.google.com/open?id=1hvXEk3FqYe4GnTMjsPMJi3_BFlIuNHcS,False
2017/01/25,https://drive.google.com/open?id=1rBZ_O7fOPwUiRzAl_jpWWBS01wOb7EJM,False
2017/01/26,https://drive.google.com/open?id=1zGZurVv8CEZ3n7zHQUTEjtsjL80LpC-B,False
2017/01/27,https://drive.google.com/open?id=1zCE7-rp5sTjB_ETjoqdwRFoMmDelQiX6,False
2017/01/28,False,False
2017/01/29,False,False
2017/01/30,https://drive.google.com/open?id=14WRpPZ9iGdP0YFeWFbj-3z5o5iUxyYwa,https://drive.google.com/open?id=1maPbBdY4eGv4SURRFRIHRakCCsbUJF8L
2017/01/31,https://drive.google.com/open?id=1Kw2A6zoxKyKwtrEGM0YszpocqFOAnp-N,False
2017/02/01,https://drive.google.com/open?id=1yUqnnH1Es3Sm21VWRqmElnsC41gxlYYA,False
2017/02/02,https://drive.google.com/open?id=1OezZyA0vvwJ7RgrTWjbq8F3PIKvQWswF,False
2017/02/03,https://drive.google.com/open?id=1TifPFbDXaMKerxLtMwqBpQrsbtBWaM4d,False
2017/02/04,False,False
2017/02/05,False,False
2017/02/06,https://drive.google.com/open?id=1wsjbcfeCIWW_vFJrbWYBVjYVuxDB1Maq,False
2017/02/07,https://drive.google.com/open?id=133hx8M35SuJ7w8peMiISrPN7ij_Ehw_k,False
2017/02/08,https://drive.google.com/open?id=1GgYZBmrPz7dffVpz95jCjGyI015cACze,False
2017/02/09,https://drive.google.com/open?id=1g-w2_qMp7FAC-PyvPjKavQ575DKTgdVJ,False
2017/02/10,https://drive.google.com/open?id=1zRU4Y_G4j1KM0ZIzCqA8Rt2zu8Wfp4Kk,False
2017/02/11,False,False
2017/02/12,False,False
2017/02/13,https://drive.google.com/open?id=1lGyvzEfBLhUyxltg2ALUvAbVuXgWbepX,False
2017/02/14,https://drive.google.com/open?id=16MIpfhYSL6g1B1sSu4mtgplWA4bQ8cYo,False
2017/02/15,https://drive.google.com/open?id=1vFhUSRUUBwqeS8TQU509Bjowk5_M5XXr,False
2017/02/16,https://drive.google.com/open?id=1lUVovXPNtUSW7JFOIyY6HdqmVzZY-wkw,False
2017/02/17,https://drive.google.com/open?id=1uEfyrRpm8vsnASKA0MZolEe10OXZUH8k,False
2017/02/18,False,False
2017/02/19,False,False
2017/02/20,https://drive.google.com/open?id=1i4jBgqrr_fOXv5VX1_cN9-RvUOyRlOnR,False
2017/02/21,https://drive.google.com/open?id=1qLMuou1rpEAEqpgtgtlHM-o4CteslwCd,False
2017/02/22,https://drive.google.com/open?id=1zV0s2P42b_wKBHLI_OuplgpGFTfquN2m,False
2017/02/23,https://drive.google.com/open?id=1Vaeum1hFW_6WSxH5vCOQChmEYEWv0w0d,False
2017/02/24,https://drive.google.com/open?id=1B5mcBUEFEz-glcgHKvvsEKLKt1x-Xl97,False
2017/02/25,False,False
2017/02/26,False,False
2017/02/27,False,False
2017/02/28,False,False
2017/03/01,https://drive.google.com/open?id=1T-0B5ZAQfeM5sYlZvxKx9ovF0ftrFQSl,False
2017/03/02,https://drive.google.com/open?id=12N9gFOZwEdivw_YFgVadbohqIVuXVFvw,False
2017/03/03,https://drive.google.com/open?id=1UjWIAJhbHSexdNZF-NGHK8m7l5Nxzg6w,False
2017/03/04,False,False
2017/03/05,False,False
2017/03/06,https://drive.google.com/open?id=1HaL6sBwZHg3r6qS2JgqcOXkdZ_U1WxBZ,False
2017/03/07,https://drive.google.com/open?id=1IlAXiVB49NCkPqmpGXwrP8devAZA4A09,False
2017/03/08,https://drive.google.com/open?id=16zOa8byrCMrbw2NUw1cGbEAw1ht37jCs,False
2017/03/09,https://drive.google.com/open?id=15ORWr1joDdhNILa8xqp2VDET-XyQQOYw,False
2017/03/10,https://drive.google.com/open?id=1np8EGsDrKRm8nuymqazLjthYZ82EYL2m,False
2017/03/11,False,False
2017/03/12,False,False
2017/03/13,https://drive.google.com/open?id=12krToEwt_ZspxB3oiYQ4D781UpAXnuM8,False
2017/03/14,https://drive.google.com/open?id=1wnqCTKiLmSjdGvc5r_hkTkcTv1wyroQs,False
2017/03/15,https://drive.google.com/open?id=1eWH4allM0pg1CoayzjKSeRdvnRxvlInt,False
2017/03/16,https://drive.google.com/open?id=1ExE7NWgIOPvxd-KY3Cpvj5yfKsVz0DCt,False
2017/03/17,https://drive.google.com/open?id=1hrlg2ZSXHZbRRvbSZOuqJQTdwOVlahzS,False
2017/03/18,False,False
2017/03/19,False,False
2017/03/20,https://drive.google.com/open?id=1l4PG5ZAM-mkI75qdT1gCZ47gpZb7xgeA,False
2017/03/21,https://drive.google.com/open?id=1dIoETT8rfT9rVbS_1MjUkggGhQIB04vX,False
2017/03/22,https://drive.google.com/open?id=1sw-H1CCVCSANXrmIiEO1SNTHlfQ5bqxu,False
2017/03/23,https://drive.google.com/open?id=14YTCz6SVcVZ9qvjhdxqOYyUYujPDO_yS,False
2017/03/24,https://drive.google.com/open?id=1B-IXiSi-10xzTDKefWX8n7n_RPBwc16s,False
2017/03/25,False,False
2017/03/26,False,False
2017/03/27,https://drive.google.com/open?id=1tbofYlc_dFQdSEPA2JJQL8qSv_SBoRBG,False
2017/03/28,https://drive.google.com/open?id=1Y5iB0cPEAremUEE_wyvL6Dz_HobtDvFV,False
2017/03/29,https://drive.google.com/open?id=1usn479fle-SELHdpJ2UEogeYvpQ-Yd8f,False
2017/03/30,https://drive.google.com/open?id=1yMzCeTyVTYXemPtrrmjYpAoQEiSDgXsT,False
2017/03/31,https://drive.google.com/open?id=1sGc2NbKxZom0Ul7WKKRgaS-0EJmQSWCO,False
2017/04/01,False,False
2017/04/02,False,False
2017/04/03,https://drive.google.com/open?id=1El66jzMATDgM-IpKX9v0r595qSIuv2k8,False
2017/04/04,https://drive.google.com/open?id=1vWuJ0KGr-KJSgZRxhQMbNsaFWTDmBjor,False
2017/04/05,https://drive.google.com/open?id=1T3A0cC7zEcB5pHYD1vSwiOvoqkVxiEzy,False
2017/04/06,https://drive.google.com/open?id=1s4JzQzMRcRujtAm24ctR7xOqBVJetUpH,False
2017/04/07,https://drive.google.com/open?id=1Omgja1xGM3xUV1Q4pgzNDaic4ezEzbL6,False
2017/04/08,False,False
2017/04/09,False,False
2017/04/10,https://drive.google.com/open?id=15DUo9aBpSGWybbyAF8whX23D585cm-zd,False
2017/04/11,https://drive.google.com/open?id=1xXUFjO4YsnvHHbyEHpM8jgPcQBokvKFT,False
2017/04/12,https://drive.google.com/open?id=1_elwsDIlNWCCBWNJl7drRTNbQsWEHUsF,False
2017/04/13,https://drive.google.com/open?id=1WAVu3mHC3OwsPtZnYm56o9pAEwRBZxzs,False
2017/04/14,False,False
2017/04/15,False,False
2017/04/16,False,False
2017/04/17,https://drive.google.com/open?id=1RemtmfqXe4oKZDwDbNAnQjxaU6SmHEcc,False
2017/04/18,https://drive.google.com/open?id=1idWKA3LbG4tQaNLbgaD2jwQvLlMzx9qO,False
2017/04/19,https://drive.google.com/open?id=11kkQWbmu5XSBHIugObPntfIPQOA5LrQq,False
2017/04/20,https://drive.google.com/open?id=13GvfdpMLMDl11rXEX0Sq3-RsSxTUKi-b,False
2017/04/21,False,False
2017/04/22,False,False
2017/04/23,False,False
2017/04/24,https://drive.google.com/open?id=1mkmXgMpJNzqBn2hCvIB2EgJ0MeFzMWoe,False
2017/04/25,https://drive.google.com/open?id=13aZux9PmW98WIeyEbf31Iw5isGp611Tb,False
2017/04/26,https://drive.google.com/open?id=15OpBatU4AHFNmAXRhpYTKQeQ8OJS8tbv,False
2017/04/27,https://drive.google.com/open?id=1NnZ2ujv6fyEwL5QwGMNTdJX_37YGgrjz,False
2017/04/28,https://drive.google.com/open?id=1-pmlB6l3RHUnZQ7Nt8jctimy0QPJQ-wT,False
2017/04/29,False,False
2017/04/30,False,False
2017/05/01,False,False
2017/05/02,https://drive.google.com/open?id=16X6ghUWoL-ogpV8vhitnameCvAA7W-9W,False
2017/05/03,https://drive.google.com/open?id=1Xoi438x0T9sWszU7iJW4G1ybPMFSAPtY,False
2017/05/04,https://drive.google.com/open?id=1Yl8EkRnW02dIGFSRdw6nrgDN6dkOcltD,False
2017/05/05,https://drive.google.com/open?id=1FmH_F549Vb5hL1odPA5IGG2SG9aT6M-z,False
2017/05/06,False,False
2017/05/07,False,False
2017/05/08,https://drive.google.com/open?id=1PeXaSZn7L9f6IyBk16-DDp8yn0r_5bYV,False
2017/05/09,https://drive.google.com/open?id=1yDM7HJA8IYnu9syX3jwnJG4tjbyzlDRB,False
2017/05/10,https://drive.google.com/open?id=15aWRvUYcnE4o-cIyDcdbCiFP_PZxE7QM,False
2017/05/11,https://drive.google.com/open?id=1uOkSWXSsXI8AK8OkLWVuCxo-oyFcG1kf,False
2017/05/12,https://drive.google.com/open?id=1YLpgrMYuacsaF89EMGCG5FMeZbbDC1Jt,False
2017/05/13,False,False
2017/05/14,False,False
2017/05/15,https://drive.google.com/open?id=12YIFXFL1Yjkad-9rlYRBOVC3vech_0oy,False
2017/05/16,https://drive.google.com/open?id=14n6H8YABj9f528Bz6fGt9Ken-Dev_H4r,False
2017/05/17,https://drive.google.com/open?id=18vSqR-NuLJKQeZknxOyWpNHaZbY8oxID,False
2017/05/18,https://drive.google.com/open?id=1HQSiV_D-u31mAgZr0UB-TK_QeDghybK7,False
2017/05/19,https://drive.google.com/open?id=1Nrz0nh4W4Ou69A4CcVY6NiInf7mjBTTQ,False
2017/05/20,False,False
2017/05/21,False,False
2017/05/22,https://drive.google.com/open?id=1LxMGIh3WHU2TQfgT6b1NwWvPl4oDCUcX,False
2017/05/23,https://drive.google.com/open?id=1Brw83hvd30FfPSzN08DDc7DjeT5oqJSy,False
2017/05/24,https://drive.google.com/open?id=1pfzZ5I8YgPRgfd7r1F-AGUdxtXqXU2HE,False
2017/05/25,https://drive.google.com/open?id=1TtgQILUO4Ls2dWR7py1X3weEhkLsO3kM,False
2017/05/26,https://drive.google.com/open?id=1dGqtTvrLnOxTCokVajGgOtE-q5_MxV_X,False
2017/05/27,False,False
2017/05/28,False,False
2017/05/29,https://drive.google.com/open?id=1cDw6x1Wz9n7Bw_Q-da_wRWbj-K3gsUAL,False
2017/05/30,https://drive.google.com/open?id=1aqd7uD_GAjVigBDgqsbvXPlv2fPOZFQq,False
2017/05/31,https://drive.google.com/open?id=1m5MA0tmpKuYWRSKk50r1GNyCBhFWd7YY,False
2017/06/01,https://drive.google.com/open?id=13YBwV5i5tfDBt9P8MElChlnULO3QKCos,False
2017/06/02,https://drive.google.com/open?id=1UtTtaehGftHjPLkuyP_mv0lGyM669vo8,False
2017/06/03,False,False
2017/06/04,False,False
2017/06/05,https://drive.google.com/open?id=1TrTG8YF4Vv5bg_4Gp-7lwaUALkZ4ZWjq,False
2017/06/06,https://drive.google.com/open?id=1P2HkmjB8SivzFHebg4untXY-ZhFaWfBO,False
2017/06/07,https://drive.google.com/open?id=1y-JLipcyiN5HuzJ5gk-FxqVObY8rbkLN,False
2017/06/08,https://drive.google.com/open?id=1VDF8icHvmqOMno1MgoG33HBTRSefSA-t,False
2017/06/09,https://drive.google.com/open?id=1N4Cmjiqu6X4EXOZBuIk_L7u8wSxqzks1,False
2017/06/10,False,False
2017/06/11,False,False
2017/06/12,https://drive.google.com/open?id=1N6ITWzNHgE0XIHDjHLG1gy3-5iwamEvd,False
2017/06/13,https://drive.google.com/open?id=1_cFDystgQYSXM1nTGgAOaz6t2b-uZzMA,False
2017/06/14,https://drive.google.com/open?id=1BlkWUO34w6RiiRy5zXWVgBXfsG9vXBdk,False
2017/06/15,False,False
2017/06/16,https://drive.google.com/open?id=18Majq7cooUuzO8ah8s6nDQdL195HTHJe,False
2017/06/17,False,False
2017/06/18,False,False
2017/06/19,https://drive.google.com/open?id=1gFjM-mesGyWXAf2YDdXcOB6_yjanKcLm,False
2017/06/20,https://drive.google.com/open?id=1kbBYIy_SIviRDshH69qhIQWkz19OxhGL,False
2017/06/21,https://drive.google.com/open?id=1FsI9Jg1gxczf6n04kZPU14_oz5-wD5Vd,False
2017/06/22,https://drive.google.com/open?id=1Bro4FxksBv9KrLIhTIBAQb7MhDn9TGc_,False
2017/06/23,https://drive.google.com/open?id=1K7mJpFYnJ7acYVaGW1utqojdzFq8foa6,False
2017/06/24,False,False
2017/06/25,False,False
2017/06/26,https://drive.google.com/open?id=1hNHapmGfijlhrExilQf4QJ2pO7hs_e7r,False
2017/06/27,https://drive.google.com/open?id=14jRdPwEN9QyIj6xyuzQBEZs7YwT7vPoA,False
2017/06/28,https://drive.google.com/open?id=1uiI36h-3tXCjTvbt-bfOdQDY1s7Au3-b,False
2017/06/29,https://drive.google.com/open?id=16R8DLKSpdIH-jh9Fu1sp8B-oBIyyaG1O,False
2017/06/30,https://drive.google.com/open?id=1qUKC_xVJpLcd6B4ZM2Qm1PzsZyRUS6ny,False
2017/07/01,False,False
2017/07/02,False,False
2017/07/03,https://drive.google.com/open?id=1HdX9yBpU4d9UYxEX_CbDGBeH-Fiu5hbN,False
2017/07/04,https://drive.google.com/open?id=1d2aqSCcYI3fdz9EpG0decXXKcQ8WnpRz,False
2017/07/05,https://drive.google.com/open?id=1b4r_oHl6PkhUIk44RDeXd-SMCxVCjSOL,False
2017/07/06,https://drive.google.com/open?id=1iyLLG-Z_2nA0AjiMMpjnx0Zr_ys0Hxo1,False
2017/07/07,https://drive.google.com/open?id=1BEklDMXQZ_4Df8NvUAEtdP2GHEk7QIhc,False
2017/07/08,False,False
2017/07/09,False,False
2017/07/10,https://drive.google.com/open?id=1XhwXb467GYRDoZvH15fqQNp4uEIlNYJb,False
2017/07/11,https://drive.google.com/open?id=1GwPTlODR0ml66tPmli05vpbr1nu1doez,False
2017/07/12,https://drive.google.com/open?id=1gejZTX9sSNljDHcdRAvXS0pioFxIu9sX,False
2017/07/13,https://drive.google.com/open?id=1MvXbXVISPgBUgyLkkHXDQAzbd3l5R1AI,False
2017/07/14,https://drive.google.com/open?id=1xXUf_1F2jrYmnkXd9wLqYx9tPdSqMsTH,False
2017/07/15,False,False
2017/07/16,False,False
2017/07/17,https://drive.google.com/open?id=1NmplaDgBm9d-KNSq39TO_nldYYEpDhLX,False
2017/07/18,https://drive.google.com/open?id=1QZMPdUoo0HMBRsxDjE1UKpsdL5uT3gMS,False
2017/07/19,https://drive.google.com/open?id=15r5w1zBcUu7-jCKl5Vpn9Qu32XbUQUaG,False
2017/07/20,https://drive.google.com/open?id=1IeLoUbXR2N8bLSguH_aSQ79oOteL93nY,False
2017/07/21,https://drive.google.com/open?id=1M-XwxL4JUQ9qjyVLI-7MWWYTllMzTS99,False
2017/07/22,False,False
2017/07/23,False,False
2017/07/24,https://drive.google.com/open?id=16XZ6USWzjEji3d9i8BBmHkYwfrhvn-Bc,False
2017/07/25,https://drive.google.com/open?id=1ItAOr1ExCUND9PxzumDKBxe5oLiPHI5X,False
2017/07/26,https://drive.google.com/open?id=12RXLJWyt7oWTiiqbr9D9UdKdWNIm0pVx,False
2017/07/27,https://drive.google.com/open?id=1CpMGigkRn_MiKR8oiidCbHDi8XMG5YXs,False
2017/07/28,https://drive.google.com/open?id=1hegLhCMfjhm7FF1CxHi1w4wLX5tb_GL4,False
2017/07/29,False,False
2017/07/30,False,False
2017/07/31,https://drive.google.com/open?id=1ys3yTxBclxheJi61Z8bvOniKCXZtrGwE,False
2017/08/01,https://drive.google.com/open?id=1DPVpahVjSCuyw6eIIxZXz9RwFJhc7Dwu,False
2017/08/02,https://drive.google.com/open?id=1dQuUZQ5jO2sfJk6rx3RcZFV4tbui-rWA,False
2017/08/03,https://drive.google.com/open?id=1mN2NFxqPmqwLFROytKe6vFbuech9LunM,False
2017/08/04,https://drive.google.com/open?id=1XgG3eAIsadmYprq7PsZQxKXp_8VDkp1Q,False
2017/08/05,False,False
2017/08/06,False,False
2017/08/07,https://drive.google.com/open?id=1ko0Va-ecTTxgX-cpq6sr-8K6R9Uqgf4S,False
2017/08/08,https://drive.google.com/open?id=15w94uCBuLY-Dr4JcfFeImyTNs6TpQEfz,False
2017/08/09,https://drive.google.com/open?id=1weF_8krRx5SA6LLFe1rtsTyvM_jlqKXz,False
2017/08/10,https://drive.google.com/open?id=1QE-iYdy5Y5caHObmvY6E1rgRpBTTH7Lg,False
2017/08/11,https://drive.google.com/open?id=1JIlTxtdJ846oTfnNxvgyUd6gbHekA-Im,False
2017/08/12,False,False
2017/08/13,False,False
2017/08/14,https://drive.google.com/open?id=1WYcnEK1iKe0zYO-d85spgCvj2fQSI6ip,False
2017/08/15,False,False
2017/08/16,https://drive.google.com/open?id=1_yT-n9_-hXIsgzss6EDbtQfGYZADr3rm,False
2017/08/17,https://drive.google.com/open?id=1auSt8Iz5u7oaOaJMAhDTnznqWcgdQCKe,False
2017/08/18,https://drive.google.com/open?id=1Y1UtO7-y4_mz0ulKwawEezQNgsZYOTXf,False
2017/08/19,False,False
2017/08/20,False,False
2017/08/21,https://drive.google.com/open?id=1VQsbxnLG6I1BfUsS1TX2yNY_A8LmePVf,False
2017/08/22,https://drive.google.com/open?id=14MZFL5unzVmmhgxa1v-PxXQbp_Y83k5Z,False
2017/08/23,https://drive.google.com/open?id=110SHetOC5s0WFHSaPy6mCgkfGqDhAJ9V,False
2017/08/24,https://drive.google.com/open?id=1C845OWOl-oYXHF0lsEuD_NdCpSyA28FG,False
2017/08/25,https://drive.google.com/open?id=14V_Y74PkUCjnhAGBs8WhUhq2EpmCByqh,False
2017/08/26,False,False
2017/08/27,False,False
2017/08/28,https://drive.google.com/open?id=1ffxBkCrNkxAzfMyiiP9zisnEvjOxdq_G,False
2017/08/29,https://drive.google.com/open?id=1tEdVJUNKYwQoLja8yJQ5kXrekzTjEA6C,False
2017/08/30,https://drive.google.com/open?id=1Yax7mIwXbLlqt1uZcS6_UL_5seecV5xl,False
2017/08/31,https://drive.google.com/open?id=1kjkbTeFYhB-T_y305lSvrv6AxnQ5k5Tx,False
2017/09/01,https://drive.google.com/open?id=15XsD4BcoqIp3mSWUY35Q00wfWaRzt7kZ,False
2017/09/02,False,False
2017/09/03,False,False
2017/09/04,https://drive.google.com/open?id=1ONjtwHsqH34zINX-5Xyy8JG4RNJMVYLL,False
2017/09/05,https://drive.google.com/open?id=1eOK3dBWM0yhemgHnyY63HyCk2oAfCH-9,False
2017/09/06,https://drive.google.com/open?id=1v9DIg44FdZe1lVAoGNzMpzLM8LMVUY_S,False
2017/09/07,False,False
2017/09/08,https://drive.google.com/open?id=1sJ93RrCvVbJ9qlbby7UwuGCR67zPni5z,False
2017/09/09,False,False
2017/09/10,False,False
2017/09/11,https://drive.google.com/open?id=1nwlKw_iYUTLxuVLkXswYcatSU0Mp8Wpd,False
2017/09/12,https://drive.google.com/open?id=1iZItJvZMsGbnsRv35xVndqxX3gFY_Ad-,False
2017/09/13,https://drive.google.com/open?id=18DezeVJICHp-AdQJ4wF1cY_-jkHHBVTm,False
2017/09/14,https://drive.google.com/open?id=1srg9CMji1A3TEuKeQOdD29NvIn7np1Pb,False
2017/09/15,https://drive.google.com/open?id=1IpbZaNqJ0t8TLowHT0V7xDpIIuNJwmzj,False
2017/09/16,False,False
2017/09/17,False,False
2017/09/18,https://drive.google.com/open?id=1vvhIdBQVSd_qwCRyPzca66PEFSBDV0pD,False
2017/09/19,https://drive.google.com/open?id=1vmkKknBYCNyCDuBM3pvV_Jvinl6Ar51p,False
2017/09/20,https://drive.google.com/open?id=14ZavyIysVAgZ7TxV_qJm6Y3oUesROE99,False
2017/09/21,https://drive.google.com/open?id=1OLAmvY-BgacYnRn6xWztcuhWpJj0fP94,False
2017/09/22,https://drive.google.com/open?id=1umAUwIh6fSjz8l2S-7UhtSZZsRlOPTvk,False
2017/09/23,False,False
2017/09/24,False,False
2017/09/25,https://drive.google.com/open?id=1uR-T7Gm9g6SfTmHOAOdZnz84fp-Kwvvs,False
2017/09/26,https://drive.google.com/open?id=1Di8sbayD9gJErWYyYRlEZWVUhvKfRcHt,False
2017/09/27,https://drive.google.com/open?id=1QfES21l0XpXEItYtoV-8o69ScuOab-vg,False
2017/09/28,https://drive.google.com/open?id=1vZilj97r_zSL5t_N-2NNTuOvA-qoNBqR,False
2017/09/29,https://drive.google.com/open?id=1vgvX3XjVjQYnC5UUIhsf9lWtfPhPsrvY,False
2017/09/30,False,False
2017/10/01,False,False
2017/10/02,https://drive.google.com/open?id=1bhrPyaw5FgQ4-mK5zJVVytzllwZLK05Q,False
2017/10/03,https://drive.google.com/open?id=1LOXiX4rONUZlObmuzO7rnS91hSBjK9Vo,False
2017/10/04,https://drive.google.com/open?id=1DrRcnlILC102Be9L2TAO1odWzhPu_leS,False
2017/10/05,https://drive.google.com/open?id=1-weKpRvw7D61Defo2tbjcDp3Wu0sWp_R,False
2017/10/06,https://drive.google.com/open?id=1eh8IcjKo3mWPyUCEZJ4xvt3uPSbg7PsT,False
2017/10/07,False,False
2017/10/08,False,False
2017/10/09,https://drive.google.com/open?id=1ioxbgxk2f533_BgX33X2yluDV3nO8Em1,False
2017/10/10,https://drive.google.com/open?id=1jFJReS734lYYXv4DR5-9yQYCx9NLFpnD,False
2017/10/11,https://drive.google.com/open?id=1h59Y74CJhvU6CKK-9OSGQnKBb7disHZa,False
2017/10/12,False,False
2017/10/13,https://drive.google.com/open?id=1mo4Rp3psq7fTAVphiDvPcCBXreUlxMXz,False
2017/10/14,False,False
2017/10/15,False,False
2017/10/16,https://drive.google.com/open?id=1pj9AH3Vc4RwxqaPsYqvPYHQBaO04ZL2a,False
2017/10/17,https://drive.google.com/open?id=1u31xKboxo9GgyAMlrZXE2wYvtDcLIH2c,False
2017/10/18,https://drive.google.com/open?id=1eXO1HIL0JoeCn34g4Mv31ES8dMe8v6gh,False
2017/10/19,https://drive.google.com/open?id=15EUQvc060IhVxONKcrHl0PlO0sQSR-B0,False
2017/10/20,https://drive.google.com/open?id=1PFBFGy_PlY8JH84cm2wO6ODZYGwRgmm8,False
2017/10/21,False,False
2017/10/22,False,False
2017/10/23,False,False
2017/10/24,https://drive.google.com/open?id=1x9MZqDE0YU_r-NyyYbNQcC0iMha5iXz-,False
2017/10/25,https://drive.google.com/open?id=1dEeUBg0trYfp-d87rEhA_dHFcN3eN3Rc,False
2017/10/26,https://drive.google.com/open?id=1_lw53xeWxHBE1eV4BQf43w0H2BMzwQxm,False
2017/10/27,https://drive.google.com/open?id=1Tvp3eEy0omm-lzCujvTuzOmnvapicTzd,False
2017/10/28,False,False
2017/10/29,False,False
2017/10/30,https://drive.google.com/open?id=1liQUylC_7ikeQRS8Vn1OabPDQdHCM_cm,False
2017/10/31,https://drive.google.com/open?id=1QSoOoSnUqF7nkyfGyQStV5306igR_O-G,False
2017/11/01,https://drive.google.com/open?id=1pOpeWvHm_APoJ8MJ-uCaei5-1wWBIZJp,False
2017/11/02,False,False
2017/11/03,False,False
2017/11/04,False,False
2017/11/05,False,False
2017/11/06,https://drive.google.com/open?id=1z-nZgFZJuuhVfcUEuk3C49WwFTTrpcVT,False
2017/11/07,https://drive.google.com/open?id=1_C6y4vJPJ_ZGkRC0i5WxS3ACh0yCMlCm,False
2017/11/08,https://drive.google.com/open?id=13jvOu-4TbiYBx-RtYb0CGjWe-57sKRCt,False
2017/11/09,https://drive.google.com/open?id=1JWP0by-s6ORfBp2bYqx68R6nCuL7dE9P,False
2017/11/10,https://drive.google.com/open?id=1iZAoHE6KmwVq_HWFLuKDkFubaU17K2GL,False
2017/11/11,False,False
2017/11/12,False,False
2017/11/13,https://drive.google.com/open?id=1_0uu42SRS_BpB_OzCdc_6gUKP-7YaUx4,False
2017/11/14,https://drive.google.com/open?id=1hmPP1kv-4l190jerAn4Bct_UjNed6SVz,False
2017/11/15,False,False
2017/11/16,https://drive.google.com/open?id=19MP6-dUSrSJ0nPhUt56eTszEBygcHxDI,False
2017/11/17,https://drive.google.com/open?id=1s6EIMoQtIyv-wbuEqakdntmgijhV9g-w,False
2017/11/18,False,False
2017/11/19,False,False
2017/11/20,https://drive.google.com/open?id=1kT6Clw8gWbXMa64QEjcOoD9tCoD4FygO,False
2017/11/21,https://drive.google.com/open?id=19g7J8WplJNOPWMT6wgHCzeFQS9UBARvf,False
2017/11/22,https://drive.google.com/open?id=1WKQ5njULZ795LsnlGSOaKc3mxwJFYzgl,False
2017/11/23,https://drive.google.com/open?id=1ZJ5y7cAeSFBNlP9TThBbhANsSnFF-Yod,False
2017/11/24,https://drive.google.com/open?id=1ErWBD_d_WfCXSYucFNKZ2eFQl6O2B4vm,False
2017/11/25,False,False
2017/11/26,False,False
2017/11/27,https://drive.google.com/open?id=1_UpAX9AL2mvpCNBz9v5jo9MjrYXVt-wJ,False
2017/11/28,https://drive.google.com/open?id=1b0jezHkpSjqkgrSCztL3M64GWZ8v45s_,False
2017/11/29,https://drive.google.com/open?id=1dIUAHCnEixB8S4YtQz6flomHKPytAhA2,False
2017/11/30,https://drive.google.com/open?id=1QO5R5ORX6FM462Ulc4OFqUctBVY3Th7g,False
2017/12/01,https://drive.google.com/open?id=1Jl__ISwQJ9kQt8OzolZ6LOz-qRIi_dAv,False
2017/12/02,False,False
2017/12/03,False,False
2017/12/04,https://drive.google.com/open?id=1vmnEsYioDLbP3lW_OKY4JgnlmmndEs2A,False
2017/12/05,https://drive.google.com/open?id=13ouSVFhOhiJf4ERlP1qaFgBkLDUcXK7p,False
2017/12/06,https://drive.google.com/open?id=18xknbXEqwRhodiWZxKHtoCnvyT7N37OZ,False
2017/12/07,https://drive.google.com/open?id=1NPU2-IqoCwvp6yoc582Ovxd3HVUuBPs6,False
2017/12/08,False,False
2017/12/09,False,False
2017/12/10,False,False
2017/12/11,https://drive.google.com/open?id=1EFPC6w4jxxf3kJFgjzqAliFLD0XITf4x,False
2017/12/12,https://drive.google.com/open?id=1Lck438Evje457FoqPn58oG54x9R3U_1K,False
2017/12/13,https://drive.google.com/open?id=1-E6aZiUb4iZMt7xRecH7UAl34FSGEI-s,False
2017/12/14,https://drive.google.com/open?id=18rs-ZZdHoKpf-zXTJK4F9jzjxXtItkY-,False
2017/12/15,https://drive.google.com/open?id=115rBOFw7GwbXT86RmJ7upuHr91tSukiu,False
2017/12/16,False,False
2017/12/17,False,False
2017/12/18,https://drive.google.com/open?id=12wt1oT4hXY61HMK1eInUkVXS5NZMilAJ,False
2017/12/19,https://drive.google.com/open?id=1pxBdfKsdh1peosRQ8Ys4aNPqEG4WpfEk,False
2017/12/20,https://drive.google.com/open?id=1SlY8iGoEmtPmEo-ejOVxnSA7y2plZYK3,False
2017/12/21,https://drive.google.com/open?id=1IiZUjr2N3nF7p2mA4XyCAErdDODTI9TP,False
2017/12/22,https://drive.google.com/open?id=1sYVa-eBTefGhI3DZ49cJ_Sgepl28nqd1,False
2017/12/23,False,False
2017/12/24,False,False
2017/12/25,False,False
2017/12/26,https://drive.google.com/open?id=1_IsosjlLkogbtxINxNfdnIRcRM4SgpHF,False
2017/12/27,https://drive.google.com/open?id=1PZMY_KxGuIMiL2-E3ApHPAevh0o5aD4m,False
2017/12/28,https://drive.google.com/open?id=1O0qk1HdF2m5Afv7F05FzytV7EfJlBQt3,False
2017/12/29,https://drive.google.com/open?id=1zVVoj25I2uObgJRxTpz5e9MUkmNxZCTY,False
2017/12/30,False,False
2017/12/31,False,False
2018/01/01,False,False
2018/01/02,False,False
2018/01/03,https://drive.google.com/open?id=17fqSVapMpMY4xWaQQQOg1WfRsqvc-wgu,False
2018/01/04,https://drive.google.com/open?id=1QHt9RPDMOahssFkw2PGTj8YEFRgGFiIo,False
2018/01/05,https://drive.google.com/open?id=1zgfNuvz09Vk3cnCM5icZ58qGJq2nLk2p,False
2018/01/06,False,False
2018/01/07,False,False
2018/01/08,https://drive.google.com/open?id=1ZD29fgLJl6axAJ-0yzfRTv_mtss0e_RP,False
2018/01/09,https://drive.google.com/open?id=1Yv1GeWhlyTInTzcaJJOk6qZ2tsE8V52u,False
2018/01/10,https://drive.google.com/open?id=1VMhDX_GkwIJSOhEhwgqyI_Bmmn51yORd,False
2018/01/11,https://drive.google.com/open?id=1clUq-iFDtLp4NAQF2Sfyyi3Ct_tTtBxl,False
2018/01/12,https://drive.google.com/open?id=1DntXWZFQLspmBUv_3z4s6lduWVQCsaVY,False
2018/01/13,False,False
2018/01/14,False,False
2018/01/15,https://drive.google.com/open?id=1vugIHjIJtzplJqG3IPff6pqtJgPoy1Xm,False
2018/01/16,https://drive.google.com/open?id=1FRmKOGqDxlpYApL4TB6Q5fRvg0f2gxhP,False
2018/01/17,https://drive.google.com/open?id=1Vq2mVJuRXE192zfePCXTay45TDoyL-d9,False
2018/01/18,https://drive.google.com/open?id=1JN0o6I4b305eaZtIoOm93E-AnKGeDCSl,False
2018/01/19,https://drive.google.com/open?id=1YIevyHDfQDxmS8Y8bGoa5130L_Vp9aPc,False
2018/01/20,False,False
2018/01/21,False,False
2018/01/22,https://drive.google.com/open?id=1nJtwkdpu-cCOC4r3Ul3s-i42CcFS9lqr,False
2018/01/23,https://drive.google.com/open?id=1JFiWBJkOOF-Ko4dSH0vjo2ezzXgxnd5C,False
2018/01/24,https://drive.google.com/open?id=14y6vhH4-AvgIsD1bPnBuc-fJmJOQ_tkG,False
2018/01/25,https://drive.google.com/open?id=1n8yECV-o1e9l9SbP8tL_sm1r-DJWKRpd,False
2018/01/26,https://drive.google.com/open?id=1lN-GyZgeVmG9-THaKfLtykXhV9kzVWLY,False
2018/01/27,False,False
2018/01/28,False,False
2018/01/29,https://drive.google.com/open?id=1xbxeborbN-ul73az9XPy2Lh964IvGirv,False
2018/01/30,https://drive.google.com/open?id=1_2sxBph-fOjTMvzlquFijDqj1Rs4Kb7L,False
2018/01/31,https://drive.google.com/open?id=1mfASi77jNKtP8gjb8DYOEMACKCjp04_6,False
2018/02/01,https://drive.google.com/open?id=1qKZ5dLL0ZKBqNY3Qkqx5mDYhoLjEC7yQ,False
2018/02/02,https://drive.google.com/open?id=1NU82Tb5RPjLhxhPKSyTyOcUbvxasGhGt,False
2018/02/03,False,False
2018/02/04,False,False
2018/02/05,https://drive.google.com/open?id=13jJYRQoQPRP5spZMJ13C0uQzylWN84-N,False
2018/02/06,https://drive.google.com/open?id=13w3igE8hR439C6Y3Z4DEbJWYiwG1lsYu,False
2018/02/07,https://drive.google.com/open?id=1djOc1O3rV_OXoVxvQvMyIo6fueRnpq5h,False
2018/02/08,https://drive.google.com/open?id=1Kv1e5ArJHHbrkrFRyW6ToYp3KUDfdrI-,False
2018/02/09,https://drive.google.com/open?id=1SqZ1uSS4EdHvF68h7fG5qx68Rsx6-FkO,False
2018/02/10,False,False
2018/02/11,False,False
2018/02/12,False,False
2018/02/13,False,False
2018/02/14,https://drive.google.com/open?id=1t9NMxpREBY2d481MTzc2nWfdIKmiUbFM,False
2018/02/15,https://drive.google.com/open?id=1MYXZuYBjrvrAs2mOXHEKtoVK078TQCgj,False
2018/02/16,https://drive.google.com/open?id=1eMbEy5kg3dwQrOeN2poUxd0WHDVSn0XD,False
2018/02/17,False,False
2018/02/18,False,False
2018/02/19,https://drive.google.com/open?id=1jAZJ6OKd7Pj3waY-H6uY4Ujtfj7XShMl,False
2018/02/20,https://drive.google.com/open?id=1IAdRkVK9HIaPrkTQCYOkW2YT99NPbE8A,False
2018/02/21,https://drive.google.com/open?id=1pn82LM2xmywnQD-tMXWOusibTapK0uga,False
2018/02/22,https://drive.google.com/open?id=1JXwsfKJJeWZs4fUiBXlQjOJB0o8TN-GG,False
2018/02/23,https://drive.google.com/open?id=111SPsjrBy2h9C7IVIF9uVYtfRXAu_dwn,False
2018/02/24,False,False
2018/02/25,False,False
2018/02/26,https://drive.google.com/open?id=19srRXr51XQHsxtLbBpoxr1eyoPsiJIwj,False
2018/02/27,https://drive.google.com/open?id=1-ZpzL8cU50G3VK4JltffNVA59YPNf8e-,False
2018/02/28,https://drive.google.com/open?id=1rAgQqKkXuJ21Q6sLzxbG8-MXu_8xlQqr,False
2018/03/01,https://drive.google.com/open?id=1RL8miz3EG3Rp65mbCddCaTQPNpRUpIJG,False
2018/03/02,https://drive.google.com/open?id=1RukS4fIhBZbLLRGYyfOXgi44t-4pQrRu,False
2018/03/03,False,False
2018/03/04,False,False
2018/03/05,https://drive.google.com/open?id=1DPLwzfC5qNmWTZ8Tvm-xAiEvSgkCSqDe,False
2018/03/06,https://drive.google.com/open?id=1JPcUxIFgu3iokL0xS62ZT-lq0GFmUGez,False
2018/03/07,https://drive.google.com/open?id=1QR3OqJuyfMaUacNYq6juB4IW-66hIDeb,False
2018/03/08,https://drive.google.com/open?id=1oBISgZDzX4T65el41NYDbNyhPImLrrBc,False
2018/03/09,https://drive.google.com/open?id=1CTLxYE2XqMcc_uU4UU343aygrTA6bGYA,False
2018/03/10,False,False
2018/03/11,False,False
2018/03/12,https://drive.google.com/open?id=1XVbekr4Wb1DAqZq1cqrP3g8hxGx8HPaA,False
2018/03/13,https://drive.google.com/open?id=1t-2LN8sWoKJBggvUe9kijJNPDVMjUXCk,False
2018/03/14,https://drive.google.com/open?id=1NQZA3GVKydY3MiBG66pNAuNyRSP6RbVS,False
2018/03/15,https://drive.google.com/open?id=1pfa1IrxDlE2ZKc5W5T5xyExpEzUSAV_z,False
2018/03/16,https://drive.google.com/open?id=1avDf9CfxrWgBWGioPRPsUvCCA_uWOhJb,False
2018/03/17,False,False
2018/03/18,False,False
2018/03/19,https://drive.google.com/open?id=166H3nSnwceuvBs49l7f9r_sxLhlvgGcL,False
2018/03/20,https://drive.google.com/open?id=1sTsG27B9nUUMZznqNm85GBkCmvPkkOOo,False
2018/03/21,https://drive.google.com/open?id=1lH9XZgoM4j_f--BGMaWim_N34CCKBcCc,False
2018/03/22,https://drive.google.com/open?id=1vv-mNj20maq4xunkZJ5Smfp_XxQP4Gul,False
2018/03/23,https://drive.google.com/open?id=1Cz9jFGSCsSuswlUAjDc21KIuppRKFWgb,False
2018/03/24,False,False
2018/03/25,False,False
2018/03/26,https://drive.google.com/open?id=1uLOMUuOD_e0t0Bjz9tO_wvASSVeDLnPC,False
2018/03/27,https://drive.google.com/open?id=1ZATFdwKeZN47nPCymmsHw5FItaskFjDi,False
2018/03/28,https://drive.google.com/open?id=1CTGmFfkUGt-euC7JGNjx62ggw5UGWKEk,False
2018/03/29,False,False
2018/03/30,False,False
2018/03/31,False,False
2018/04/01,False,False
2018/04/02,https://drive.google.com/open?id=1NvfmBNGo7ZGfLuAVjatip93y4nukZuO_,False
2018/04/03,https://drive.google.com/open?id=1W7pSa5I_tQxlaj_KkSoxc8zINfk4I90H,False
2018/04/04,https://drive.google.com/open?id=1OzxoIMbCOEy8wWzpILeIt8I-peNgUrVT,False
2018/04/05,https://drive.google.com/open?id=12s3XcIpFN_U3rauBkJl4mO4TJi0PpA9u,False
2018/04/06,https://drive.google.com/open?id=1KwqjJSJRC3Yu6o8ekZ-5oaLuCGkWHEBx,False
2018/04/07,False,False
2018/04/08,False,False
2018/04/09,https://drive.google.com/open?id=1umpLq-5H0qmbgLEn-w9sWMfmYq_AV5fx,False
2018/04/10,https://drive.google.com/open?id=1C_Tdl5_wzduCpSut3vXuAyKhO3QVkjpg,False
2018/04/11,https://drive.google.com/open?id=1XMgl_QRT1nBXq3lOm2Ai90_5Fim6Pq2G,False
2018/04/12,https://drive.google.com/open?id=1gJ5QRum4SQPjA7h70jnSYmAXHGFQCjk0,False
2018/04/13,https://drive.google.com/open?id=10QhF1CtrZ6l_6znB5Yp-xUru8nvmwPAB,False
2018/04/14,False,False
2018/04/15,False,False
2018/04/16,https://drive.google.com/open?id=1yq4JOkq3CWIG9jf6l7G8fE3uoRcqYl5j,False
2018/04/17,https://drive.google.com/open?id=1GYPRGkABNJwvD0_zsWJSy8Hba_EOAhaN,False
2018/04/18,https://drive.google.com/open?id=1G_YiCMXDpZcwxJIRjg5JiCAcMd2_qT2q,False
2018/04/19,https://drive.google.com/open?id=1jhyebJk5jkOUdb41FYOBIqsZ2hrp0vKD,False
2018/04/20,https://drive.google.com/open?id=18oqC7H_unLaOvqg4liiW6IcG6L0P1EWX,False
2018/04/21,False,False
2018/04/22,False,False
2018/04/23,https://drive.google.com/open?id=1lm810UvKTEu9RHy08QFlOzvpvH74Mk6N,False
2018/04/24,https://drive.google.com/open?id=1IbMXGGZFLYdEDVOmkG-LAtnMQjUAUlYx,False
2018/04/25,https://drive.google.com/open?id=1qIILhAON5_9e5mnbUnlP0qn0CXKn6E15,False
2018/04/26,https://drive.google.com/open?id=1tdFlsylnQTQ73xQOCEoHtZ7yklhE7g1i,False
2018/04/27,https://drive.google.com/open?id=1LT5eZ2ZcSc9nBHqJ943eqrZJ7i8iMtyx,False
2018/04/28,False,False
2018/04/29,False,False
2018/04/30,False,False
2018/05/01,False,False
2018/05/02,https://drive.google.com/open?id=1df0veW9NWeE2hGIQSBsPUNweBaGgOLZx,False
2018/05/03,https://drive.google.com/open?id=1pejrniLXlBzCaYQTQzckFZeyGOy6NU5t,False
2018/05/04,https://drive.google.com/open?id=1sDzgIPHzwiClYW2hb8TuKckU1T8jlGmA,False
2018/05/05,False,False
2018/05/06,False,False
2018/05/07,https://drive.google.com/open?id=1h9pua7HoPfgCpJ3g2AHCEySzyXNi0fh6,False
2018/05/08,https://drive.google.com/open?id=1riK2KbuIVNKMRoKNcWYujbWrLhomDG4i,False
2018/05/09,https://drive.google.com/open?id=1WBQFlPuGtA30UvQ1L-RgV8K9dpGeaowD,False
2018/05/10,https://drive.google.com/open?id=1qENRcqy3kiiilYe1ZLiHiK6YqE2Xxn4R,False
2018/05/11,https://drive.google.com/open?id=1uQHb9PiZkFQUOwqdmz7vCWWH-UY31e2B,False
2018/05/12,False,False
2018/05/13,False,False
2018/05/14,https://drive.google.com/open?id=1b65XTEzomEfkNUSoavuLVAGJQprz8OXc,False
2018/05/15,https://drive.google.com/open?id=1dZxOijmqpWtkKqB4dnL5Z-g3hG1YZPe3,False
2018/05/16,https://drive.google.com/open?id=1r98Cc8A8WAcn6iJuTOIoPE0oEo3_-ewU,False
2018/05/17,https://drive.google.com/open?id=1c-UTsFTWLbZ6Mh34koas_mqu5DFKPLCV,False
2018/05/18,https://drive.google.com/open?id=1PRC_Puq7h5NLzSoFNZQasMPVOimMyqYb,False
2018/05/19,False,False
2018/05/20,False,False
2018/05/21,https://drive.google.com/open?id=1rRgXtj8aq8otz5X5gX-6QywWPZ8lyzOH,False
2018/05/22,https://drive.google.com/open?id=1IJ1LOIFTcuB2D6z_X9OMU9gJvRbGVkxP,False
2018/05/23,https://drive.google.com/open?id=1NLZxUBVtPaKLqAKHJgLllaK83nJSuq-A,False
2018/05/24,https://drive.google.com/open?id=1GkAPB18KRRxzTmLXVIasOsMaqVLqBsi7,False
2018/05/25,https://drive.google.com/open?id=1DS8WwmbH8jCEPyj_ubk5D5ObeNawcBdx,False
2018/05/26,False,False
2018/05/27,False,False
2018/05/28,https://drive.google.com/open?id=1pUpjjnEz4sYlL-ZYxWeKlvUg25W3LYVK,False
2018/05/29,https://drive.google.com/open?id=1VC8yQ3JWi6pma08GU7usxk8SqfZEkqvG,False
2018/05/30,https://drive.google.com/open?id=1YiBXopj_Skt8rl56y6O3nZuM6KrlHOwt,False
2018/05/31,False,False
2018/06/01,False,False
2018/06/02,False,False
2018/06/03,False,False
2018/06/04,https://drive.google.com/open?id=1f81XmkupR2l94hv-k3oO3EOKJMoRZ7kU,False
2018/06/05,https://drive.google.com/open?id=1vtAkrnE8xOjeXUiul_SR0gCbfHxm6sds,False
2018/06/06,https://drive.google.com/open?id=1wItd_DLP07MqxudpFSOnQ3gJs2HMMvSq,False
2018/06/07,https://drive.google.com/open?id=1ry3hZ8-ge7ZpnyIvfptvv_T92g171aQ_,False
2018/06/08,https://drive.google.com/open?id=1q0DxJIyt8vzAqJmM0gWKkSb1ymgD-KQM,False
2018/06/09,False,False
2018/06/10,False,False
2018/06/11,https://drive.google.com/open?id=1Mtx2SbMT3oyg7EfPWHe_hU0rjlLOXJiY,False
2018/06/12,https://drive.google.com/open?id=137EQfr-sbzqMTnV3FCNA0jFdOZACmlOO,False
2018/06/13,https://drive.google.com/open?id=1PH71mLHEd7Dr0T5Skagb2u7n2Op2xoSq,False
2018/06/14,https://drive.google.com/open?id=1dyqDVEPHTQL6IbtmpGm2OdSxDUhyA5Fb,False
2018/06/15,https://drive.google.com/open?id=1jVN0LtywdJ1diIHcRJ1ToWX2mrMrvUd2,False
2018/06/16,False,False
2018/06/17,False,False
2018/06/18,https://drive.google.com/open?id=1MR9BAUrnzM5QxRjWDJ17mY00lWjOAylE,False
2018/06/19,https://drive.google.com/open?id=1maVEui7l5Ehcnmcz-gyzw0P_yxRYCJFz,False
2018/06/20,https://drive.google.com/open?id=1D_I6U6i7e8onueyPz9m777fCJdZD-ELM,False
2018/06/21,https://drive.google.com/open?id=1K85M7NQdq_JRv1C8v59N_SbkvNfeufX0,False
2018/06/22,False,False
2018/06/23,False,False
2018/06/24,False,False
2018/06/25,https://drive.google.com/open?id=13SR_ZuytvaBKiqmHOKTL3ABgGj_vmfhm,False
2018/06/26,https://drive.google.com/open?id=1cWAFeGaNYn_X6RZQ9in5AUCKLxHiAW-7,False
2018/06/27,https://drive.google.com/open?id=1YQvt_5Na41RF5dTBDnG_CQJuh8WLL_c3,False
2018/06/28,https://drive.google.com/open?id=18qV_jXPAUKfxMZ3TChVwpR4HYR0Sic7R,False
2018/06/29,https://drive.google.com/open?id=14jYuaNmjIStKM416THwJ9jiI0A9EBNDw,False
2018/06/30,False,False
2018/07/01,False,False
2018/07/02,False,False
2018/07/03,https://drive.google.com/open?id=1jSEgb6Alk1SslD0uUBFIfmRuKQ2uDrfO,False
2018/07/04,https://drive.google.com/open?id=1LF5tjj5aGnCQPbpArcRYUYYqwQgFxmqf,False
2018/07/05,https://drive.google.com/open?id=13ZJxbmmumrHveB6epQdqDpxF9k5I62JV,False
2018/07/06,https://drive.google.com/open?id=1VnXoA2kYMfPzh9cwEhmDYBmwxX_muMbu,False
2018/07/07,False,False
2018/07/08,False,False
2018/07/09,https://drive.google.com/open?id=1AUp0a9G-5KytNp6i1geoURIvsBxH521w,False
2018/07/10,https://drive.google.com/open?id=1B5jI6PoXwMXEi6xBvLivpoZP8n52X4tq,False
2018/07/11,https://drive.google.com/open?id=1LICao0et7afKLSs9k2oFRWZFfXiLAYz9,False
2018/07/12,https://drive.google.com/open?id=1BY1Ew-5vd9ikZHcs01S70tBAy2l4lPQc,False
2018/07/13,https://drive.google.com/open?id=15SKAtHjOp0lR7cPLC-WqPhZOlqpc5jCr,False
2018/07/14,False,False
2018/07/15,False,False
2018/07/16,https://drive.google.com/open?id=1wvCFmsFsYQAKU7BFo5uKPHmECk1Un10D,False
2018/07/17,https://drive.google.com/open?id=18feHkCLYIIWheSLgjQTTcJ2uC8svvfac,False
2018/07/18,https://drive.google.com/open?id=1qHIDCTHZYvgi31YMr9oRMOrm0n0VvvMj,False
2018/07/19,https://drive.google.com/open?id=1YtQtg3zBpGxbxb8NENnzbTla8DGCngN9,False
2018/07/20,https://drive.google.com/open?id=14lz_nsa7rADip6JCcUIXmumlSZJVgAK1,False
2018/07/21,False,False
2018/07/22,False,False
2018/07/23,https://drive.google.com/open?id=1OG1Ivw6pykCjvu-feeqTvs4X6viTkFVp,False
2018/07/24,https://drive.google.com/open?id=1fNcqqD90AoXhtQmhtxidTR-y8KWIOfIG,False
2018/07/25,https://drive.google.com/open?id=1dpzq6tMCbn4BDyoWT93A7-4owxG6nOQp,False
2018/07/26,https://drive.google.com/open?id=1qyvKB2PZpjHmAnjOUE_bXqROV-Nbvm3E,False
2018/07/27,https://drive.google.com/open?id=16JACChV0IdHnW0M5yPOLbHFZNqqvNORp,False
2018/07/28,False,False
2018/07/29,False,False
2018/07/30,https://drive.google.com/open?id=127o29R9em7tdzmHeseB7G0lUwR7PcDZK,False
2018/07/31,https://drive.google.com/open?id=1C9adinzDKLfnXZsKDI9VMjPA5CAPvD_D,False
2018/08/01,https://drive.google.com/open?id=1uuMaJdjOKLMLDKgTeq0QcJTg8xCGlkA0,False
2018/08/02,https://drive.google.com/open?id=1hWRxys-kz30o3XCuJVyOp5PWmOnfpfi3,False
2018/08/03,https://drive.google.com/open?id=1FMcrPI_3D7AVQ9E-JVjRVxXDSY-eJpi5,False
2018/08/04,False,False
2018/08/05,False,False
2018/08/06,https://drive.google.com/open?id=1zcBiKK9aJ1k33u5zooL3A8xPRTUDIpsj,False
2018/08/07,https://drive.google.com/open?id=1SV1DbHatUWz9fP058t0WQ58QpCqAmK9g,False
2018/08/08,https://drive.google.com/open?id=1kDH87uPOUopl_ZjJ6Qm67LOCbLOhhiH_,False
2018/08/09,https://drive.google.com/open?id=1o2OZ_2JrHNOJ0S1FpGFHQlKq05UMgP2x,False
2018/08/10,https://drive.google.com/open?id=13KX8QfJxPR-zwBeof_BNsiOJMwLAz30R,False
2018/08/11,False,False
2018/08/12,False,False
2018/08/13,https://drive.google.com/open?id=1HsPJMdW-E-aG-x9G-ffd2YRcXn3LChyd,False
2018/08/14,https://drive.google.com/open?id=1-b6GXaHv1uvHbXHTtm6_Z2wc3FVEP8EJ,False
2018/08/15,False,False
2018/08/16,https://drive.google.com/open?id=1FWsZR4pv8yttdlScIEmr3VWsuJ7dWUM4,False
2018/08/17,https://drive.google.com/open?id=1Z08es1x1Oyb5AknFk6_FuobeUkSCQg0J,False
2018/08/18,False,False
2018/08/19,False,False
2018/08/20,https://drive.google.com/open?id=1oGrYOqFm2EcT-zmP0kia50djRlC7D3a1,False
2018/08/21,https://drive.google.com/open?id=1Y5r6ofn8tjGOnIM4yICY-0SXHYNlvhkq,False
2018/08/22,https://drive.google.com/open?id=1vMWQmkSZoyXdIA03lXx7VReRS5Iq-leh,False
2018/08/23,https://drive.google.com/open?id=1KypkKaO1YO7zxBcXfiwzzr7I6XkPK6BB,False
2018/08/24,https://drive.google.com/open?id=1cBsy1fqhI9yjQvA6-1fLVbCn-O3AVmWu,False
2018/08/25,False,False
2018/08/26,False,False
2018/08/27,https://drive.google.com/open?id=1vgJGU0uH0njDGoHtwnWraW7Zy3rGLhZL,False
2018/08/28,https://drive.google.com/open?id=1WCpwMJMk0pao0oxNjEgBTiznG70Zb0S8,False
2018/08/29,https://drive.google.com/open?id=1uZWzV7pJW5Fga5hkTAEehCX3Gh1P-It8,False
2018/08/30,https://drive.google.com/open?id=1FP-kGTZRYFfOOZYAy9YREEsiTQw5yUt5,False
2018/08/31,https://drive.google.com/open?id=1C8hHJzX4AHNVX083wN1oDP5D4H1Nd_a9,False
2018/09/01,False,False
2018/09/02,False,False
2018/09/03,https://drive.google.com/open?id=1llMib_-sdcZU3ipsxQTKYeM2R0xC2cv_,False
2018/09/04,https://drive.google.com/open?id=1r81tVKuGYMNA5516XeO74BqqITqav7Ii,False
2018/09/05,https://drive.google.com/open?id=1wpcbpc0F7uZeJrnjJ_66JuRMhUu__fq8,False
2018/09/06,https://drive.google.com/open?id=1pT2QIdK46x-C9tl7fIYsuyp6mqJJex03,False
2018/09/07,False,False
2018/09/08,False,False
2018/09/09,False,False
2018/09/10,https://drive.google.com/open?id=1kbTjaaMNUAUhpQ3fpQMpASPqql4r5QFZ,False
2018/09/11,https://drive.google.com/open?id=1xp3D2f-p8Yj9bNCCpjaK1mxSGf7pZ6wb,False
2018/09/12,https://drive.google.com/open?id=1fH-rWTWT3RdMH9FmYdnpgnXRLcli4t6Z,False
2018/09/13,https://drive.google.com/open?id=1yIftcCR-48o3wO390yas-4exwV5_hHqq,False
2018/09/14,https://drive.google.com/open?id=1C42a5fYkKp0S7by2qy-t5MFIfnmbbtY6,False
2018/09/15,False,False
2018/09/16,False,False
2018/09/17,https://drive.google.com/open?id=1Y8v1WaBRuVfWxS2fwAGOAWTmSdgAgl9T,False
2018/09/18,https://drive.google.com/open?id=1pV7luVfh3xaURZYVKcUXod1_fP1NH_du,False
2018/09/19,https://drive.google.com/open?id=1hUSbcSwrogF96DGoxRA_m5UI5ZrhYt-8,False
2018/09/20,https://drive.google.com/open?id=15m6UJzyamziPekkxWq4ioAzEA-oMw7o4,False
2018/09/21,https://drive.google.com/open?id=1RSu7UAtRL_eoVPSfwcuw0RWMPI2eu8Fs,False
2018/09/22,False,False
2018/09/23,False,False
2018/09/24,https://drive.google.com/open?id=1qQclv_TL9qwHkFmgACs6OJcp4vY3j8Ej,False
2018/09/25,https://drive.google.com/open?id=1jC7YiD_PjuvKOX683jFJnLWd1V7WrO-1,False
2018/09/26,https://drive.google.com/open?id=1gOet2fgMUEJxHxxme2iRGqrs06dmSbk5,False
2018/09/27,https://drive.google.com/open?id=1lrJlPP8APqCKrpwV25_U-LzUGTOwQ7_5,False
2018/09/28,https://drive.google.com/open?id=1dYWQWFYkJATSWbNtiClS2HEGyDn25SoP,False
2018/09/29,False,False
2018/09/30,False,False
2018/10/01,https://drive.google.com/open?id=11v3AekPrE6f0ahJF9ut9-HSqaDhxe8bx,False
2018/10/02,https://drive.google.com/open?id=1RgX1d9fU483fs0d42ZaKU990qiTcorqR,False
2018/10/03,https://drive.google.com/open?id=1bzQtOtuPSQMEXRDIA7axVGVYjLdWT7dG,False
2018/10/04,https://drive.google.com/open?id=1ET_f8Al09FHVXokfDb9VP8ETNyWKUWm3,False
2018/10/05,https://drive.google.com/open?id=1JHSloRTE3JRW3NIx-4w9vBnQwkHOhu3b,False
2018/10/06,False,False
2018/10/07,False,False
2018/10/08,https://drive.google.com/open?id=1Q9LWPTweRVvTNUOzf80ZahifVYrF3lNT,False
2018/10/09,https://drive.google.com/open?id=1cO6cC4b-BC0G9VH-fLJisozZJj00Tbx4,False
2018/10/10,https://drive.google.com/open?id=1fwIZG0DqCeVUrRkzMII0zShvaJUctXg8,False
2018/10/11,https://drive.google.com/open?id=1bZFGls7Io9xNIwbOL12bC6U3JYEuQu4j,False
2018/10/12,False,False
2018/10/13,False,False
2018/10/14,False,False
2018/10/15,False,False
2018/10/16,https://drive.google.com/open?id=1KMkFEBKaOFw8UyXH1r71-dlIEANsH4zV,False
2018/10/17,https://drive.google.com/open?id=1X23A_GIxl-ACUnGA-RCtkuDVzAbld4iV,False
2018/10/18,https://drive.google.com/open?id=1KuVguqhdZOQYAlogsqWi5aiQmO_jiUUa,False
2018/10/19,https://drive.google.com/open?id=1Jbm3iy6W1ANgIm5vGDjQrmtLchmSNA5k,False
2018/10/20,False,False
2018/10/21,False,False
2018/10/22,https://drive.google.com/open?id=1XxMPwYY577ME3Y0_a-pMuW-jplVMSzux,False
2018/10/23,https://drive.google.com/open?id=1GmcDE5eIX-gYL-Mj4a1Cg0zZDycHRlF4,False
2018/10/24,https://drive.google.com/open?id=1WaEsb9PBYR1Ye-XAvI6MUU2HAyoffPvU,False
2018/10/25,https://drive.google.com/open?id=1mnMbVfROqCyOiQa53H2-9TzUdgYJZH9z,False
2018/10/26,https://drive.google.com/open?id=14HvEcrkaRXSrh0PUiNVVSUXWRLqn0QBZ,False
2018/10/27,False,False
2018/10/28,False,False
2018/10/29,https://drive.google.com/open?id=1-HBVtZzEaGN2PjjDJIuuAdVOWIGJfZ-l,False
2018/10/30,https://drive.google.com/open?id=1OfJDtl3TyDVUnwXdBixSkgADSkFeAWBQ,False
2018/10/31,https://drive.google.com/open?id=1656iB251kDVbMZT3B-t1WjWPPQOps1rb,False
2018/11/01,https://drive.google.com/open?id=1_84RgVahMfjebk2AfHTAwR6LUNdSuaXU,False
2018/11/02,False,False
2018/11/03,False,False
2018/11/04,False,False
2018/11/05,https://drive.google.com/open?id=1L20v1CrYpK4cqL9eL_z8LToP-oA61AAl,False
2018/11/06,https://drive.google.com/open?id=1CKLUZMwOZ7hp9RcJ5n5CLKAkioX5tAUf,False
2018/11/07,https://drive.google.com/open?id=1rZ0vqIfqH70uk8S4V3I_7RPFQBQLc1_A,False
2018/11/08,https://drive.google.com/open?id=1fgbIzulLcKQ1iONArTUWJM5NBXWPTaEx,False
2018/11/09,https://drive.google.com/open?id=1mY9AM66F8EPoXXCFPwU5jI2-STI41hUY,False
2018/11/10,False,False
2018/11/11,False,False
2018/11/12,https://drive.google.com/open?id=1x8ArHB68e26mSQlMfK_N6mG4Nw94n__o,False
2018/11/13,https://drive.google.com/open?id=1xsyguVjKdT4aQhmPvE0k7AuM_lrmlLCU,False
2018/11/14,https://drive.google.com/open?id=1CKkyrxYZeiU4U89mtol3Uv-tcjjGdxUE,False
2018/11/15,False,False
2018/11/16,False,False
2018/11/17,False,False
2018/11/18,False,False
2018/11/19,https://drive.google.com/open?id=1IPLEjzNVj1T6GpLWZlsCKw0NTQXvdLnX,False
2018/11/20,https://drive.google.com/open?id=1zrIi8ut_CuKRFG4DVaEdvV5E66485CAs,False
2018/11/21,https://drive.google.com/open?id=13m3jMUVt9J5lWTB_hr0NA5L4qXSzsyOe,False
2018/11/22,https://drive.google.com/open?id=1NAqFdohePv_Z3i55CRmVVKR6P6kN7_8d,False
2018/11/23,https://drive.google.com/open?id=1PmeIZnBRPlPgDUw3p4SIgXONOq6Kj3qA,False
2018/11/24,False,False
2018/11/25,False,False
2018/11/26,https://drive.google.com/open?id=1Y0ATqfgHKvrlIPLPaKAcT5sugdRF42bK,False
2018/11/27,https://drive.google.com/open?id=18tDodb806vRDSQi1YkdZmQaqa2_NtYEB,False
2018/11/28,https://drive.google.com/open?id=1yNbmBPgW4dD3HS2W-rh-U8CQHNefwu86,False
2018/11/29,https://drive.google.com/open?id=1L3OgeKNhILFXXoMAqfMNFVzmiVYxgOLe,False
2018/11/30,https://drive.google.com/open?id=1AL256l-HqGLJBMY4QR_As_BRHhrtDEIn,False
2018/12/01,False,False
2018/12/02,False,False
2018/12/03,https://drive.google.com/open?id=10in11AWGeL-1mpo8XzH9eYVgmMXJClz7,False
2018/12/04,https://drive.google.com/open?id=1aNa6QNkMtrrwMUSIC6bkNo5P32HkHAy8,False
2018/12/05,https://drive.google.com/open?id=1pcNXQSDy7PVoOtc0BcIczuy5tY7zEZZu,False
2018/12/06,https://drive.google.com/open?id=1KQiLSd0uShkhXtw3dZi5Cx1WBSoUXZfG,False
2018/12/07,https://drive.google.com/open?id=1bMgoSVFIH078uK3A6FPzeiY1bolLNO9b,False
2018/12/08,False,False
2018/12/09,False,False
2018/12/10,https://drive.google.com/open?id=1TsJWEagUKUjJ98VZDYVoACHWudMXAsbd,False
2018/12/11,https://drive.google.com/open?id=1Faw_qAZqV2mqSWwZreAEwIifboNeSPt7,False
2018/12/12,https://drive.google.com/open?id=1RFs49rOSs2AnICMdWpfZw8iLmfZt5szN,False
2018/12/13,https://drive.google.com/open?id=1H4hUnGin8JbOddZA_P6pGaGVxlJ_MpCe,False
2018/12/14,https://drive.google.com/open?id=19w9NfClN1TxeVsnF17xA6WgrEOOFprIm,False
2018/12/15,False,False
2018/12/16,False,False
2018/12/17,https://drive.google.com/open?id=1x3LlEQShHggN0f6xCrjhDrd0R29Taopi,False
2018/12/18,https://drive.google.com/open?id=1gMD1E688IjnccveZd3FPAsyKrQ6dLBh5,False
2018/12/19,https://drive.google.com/open?id=1WnAyskF_xk_YyHMsXR5v9mnR0MUkgHcI,False
2018/12/20,https://drive.google.com/open?id=1IwPDx9fgtrh3vecrJDPl1kGGYi1JU59F,False
2018/12/21,https://drive.google.com/open?id=1FYzX5Qex-fZLn43z13Wi_OPkG59mritH,False
2018/12/22,False,False
2018/12/23,False,False
2018/12/24,https://drive.google.com/open?id=1DpWVYOmHjuAIsfRVa332l6xRTauwQNvR,False
2018/12/25,False,False
2018/12/26,https://drive.google.com/open?id=1NDXxCQYMVJFFxg99bnptPIqgdi0thsUS,False
2018/12/27,https://drive.google.com/open?id=1PP2JUJ9pBbkgbnDyhA-dseohC1eGWNi7,False
2018/12/28,https://drive.google.com/open?id=1B26SHKNKRIfLkdcFEpZ9z_2Bel331X_x,False
2018/12/29,False,False
2018/12/30,False,False
2018/12/31,https://drive.google.com/open?id=189N48u2u3EpsqCl9fTU1EJCHAdjlEtM3,False
2019/01/01,False,False
2019/01/02,https://drive.google.com/open?id=1Gqde82cdiMD4Wk7bf-gjQSdFahOeJg5c,False
2019/01/03,https://drive.google.com/open?id=1XQah85xw_FPJHjpUVnP4oxiQHoUG7_B3,False
2019/01/04,https://drive.google.com/open?id=19g6_82YBKZlNhZWpCaJC4epyAyuUSEtE,False
2019/01/05,False,False
2019/01/06,False,False
2019/01/07,https://drive.google.com/open?id=1XGTE9UIdKdyhBZir8dK39OYiAHF38DVH,False
2019/01/08,https://drive.google.com/open?id=1_GDee2FklaxhxIMVZ5h8TFjnXbRm3KVE,False
2019/01/09,https://drive.google.com/open?id=1_xDSZ-KjhdsrhS7BscaKuizGlEJV25J1,False
2019/01/10,https://drive.google.com/open?id=15I_S3-gYSp4LTFD29lDIvEl-CkaaT_r1,False
2019/01/11,https://drive.google.com/open?id=1QqD2YOCZhQsRcoifMjLgOHwj4e91bBXb,False
2019/01/12,False,False
2019/01/13,False,False
2019/01/14,https://drive.google.com/open?id=1_pJk7k0p6dI3uwguq4dz3LaswDR1WnQb,False
2019/01/15,https://drive.google.com/open?id=1puy3sHxf56gBIJGAao331GDGBw39Fs5Y,False
2019/01/16,https://drive.google.com/open?id=1iILBs67hbaJ8Qc0d0u9h9B3Pre9qyx_S,False
2019/01/17,https://drive.google.com/open?id=1TQyWRygaoldSl4vw12hPNGMS4K-swruP,False
2019/01/18,https://drive.google.com/open?id=1tJP1EWR2QsqCgfvSabRwHKgOPkCm8pvk,False
2019/01/19,False,False
2019/01/20,False,False
2019/01/21,https://drive.google.com/open?id=1KiDSP1eGOOSOtjZ--6pO-f0DLT_SfaBD,https://drive.google.com/open?id=1sYRQxkKSN8CRnMZt5vn7vpEO-wFTtdDW
2019/01/22,https://drive.google.com/open?id=1rrFIww5LHgWMU0AUiV_tzFw_VZaAPe5h,False
2019/01/23,https://drive.google.com/open?id=1ts5O6_mTdiLlwpJ9NUyj2EB7GB4gVIv1,False
2019/01/24,https://drive.google.com/open?id=1x3176lukBRmLehFu82vxTL8Grm_oTbj4,False
2019/01/25,https://drive.google.com/open?id=1gPucung3CWvF7nSsTTryPMI76d_PazYo,https://drive.google.com/open?id=109u0U4V0Nua4bGlODR6QeF5NZoy8jV8l
2019/01/26,False,False
2019/01/27,False,False
2019/01/28,https://drive.google.com/open?id=1e1A0DANyVHDBYwJD-lRngBfGcld83fLV,False
2019/01/29,https://drive.google.com/open?id=1ylKRNstu9JGgEbUAOC6o9w7r02ra0zU_,False
2019/01/30,https://drive.google.com/open?id=11LhXVM8IFryanyu08-8a0j9Mw7V2xIVi,False
2019/01/31,https://drive.google.com/open?id=1F-miDYFO8itqNLg3OW_hjD3c7rSQLVzY,False
2019/02/01,https://drive.google.com/open?id=1q1EAeJY4vKun6kXSik6gQbs3oHgCBLjY,False
2019/02/02,False,False
2019/02/03,False,False
2019/02/04,https://drive.google.com/open?id=1cexQvpwqfHfe1QjEZjQ632GgrRLBSrSu,False
2019/02/05,https://drive.google.com/open?id=18e6y5_h220fZoD4wqUNmCpxEsoB2rYDr,False
2019/02/06,https://drive.google.com/open?id=1LlXhKuExMwBgBgFKzDR9XV_hC1VBj7Tm,False
2019/02/07,https://drive.google.com/open?id=1bBA1fmHBtQv7ahy2mVlvFgDz7_QtJmCo,False
2019/02/08,https://drive.google.com/open?id=1ppsXNmB4bhbJZj2gGNgcODQkZuz75J5j,False
2019/02/09,False,False
2019/02/10,False,False
2019/02/11,https://drive.google.com/open?id=1OKfoaovJxfi1X6dRLxfIVI0SdPTwMgip,False
2019/02/12,https://drive.google.com/open?id=163a1ePhLcFecf95_oGCvhi65EKHMjqXw,False
2019/02/13,https://drive.google.com/open?id=1sULsK8jQ-xVwfBS5yboLqkIvTONJ6-x2,False
2019/02/14,https://drive.google.com/open?id=1xZ5LslrH3il4JQ2Dl7ihUb7oM5llFUVW,False
2019/02/15,https://drive.google.com/open?id=10L4GRuPYItqk2En6zhYO49ht-YhIQIBy,False
2019/02/16,False,False
2019/02/17,False,False
2019/02/18,https://drive.google.com/open?id=1HvKNVrlhO39hWVgI6zD3hdnOEFe5pwOi,False
2019/02/19,https://drive.google.com/open?id=14TqawMBwgdqk_WaGA2nuM7STxFc1sZaF,False
2019/02/20,https://drive.google.com/open?id=1mcJ8jvg3wdzLKpNGWb6knaCKCy7WxK5s,False
2019/02/21,https://drive.google.com/open?id=1Qk81QNg9kO_QRu69R6Yl91dIbbrjGm2o,False
2019/02/22,https://drive.google.com/open?id=10hkHQSoHz2WtbRoMhRaHekmKxR5_0J8v,https://drive.google.com/open?id=1rAibIkkgj1OFvFMKlzanH-R1x9j1zVb8
2019/02/23,False,False
2019/02/24,False,False
2019/02/25,https://drive.google.com/open?id=1cH_qrnyxLS_oTJ6-oDEaf6QyGf6Bq5b6,False
2019/02/26,https://drive.google.com/open?id=1Dv027WebDYA782BVa6tTsJ1W_oP54nrv,False
2019/02/27,https://drive.google.com/open?id=11wIqUyZud15fL_31w0nGxcyd7fEIiPdE,False
2019/02/28,https://drive.google.com/open?id=1Wa3qCX9luu7dvZsjHHr0P3FIHYhgm03I,False
2019/03/01,https://drive.google.com/open?id=1ZTkuVCTcmcrrRe1u8VT1d8FyGDv4vr7W,False
2019/03/02,False,False
2019/03/03,False,False
2019/03/04,False,False
2019/03/05,False,False
2019/03/06,https://drive.google.com/open?id=1_FIDGvnHSbKgFwueMoFNH-441YRZ7Bb0,False
2019/03/07,https://drive.google.com/open?id=17evT_JMtirqqt-GBk5r42FkiS0UamBlr,False
2019/03/08,https://drive.google.com/open?id=14LbKvmeNih-yO5AziYuRi_hYJG34Ced7,False
2019/03/09,False,False
2019/03/10,False,False
2019/03/11,https://drive.google.com/open?id=1p40kb3BMcz0-y-QehNQx80NlKuiAHTlE,False
2019/03/12,https://drive.google.com/open?id=1HB6fFeVyVLhEoxKsCoSHQcBOLbsvsFsC,False
2019/03/13,https://drive.google.com/open?id=1cE87ar7AbjnSd_5V0B6CMfvHN_LGtRPP,False
2019/03/14,https://drive.google.com/open?id=1nHfGKIyRBkd4Kk_vOC-IZ1kfkEksfWg2,False
2019/03/15,https://drive.google.com/open?id=1v6X-N2lCONEdWHYQ_Znh3zSIfog2jq_v,False
2019/03/16,False,False
2019/03/17,False,False
2019/03/18,https://drive.google.com/open?id=12Pzm0JQw1ocvU7_V76UdI7i40aKyub7Q,False
2019/03/19,https://drive.google.com/open?id=1EGbYFjQZ5X4sc20tsHGjvWL8dF2tixlk,https://drive.google.com/open?id=1cP_T_batZGIjrw1IudfcqAgTOOMkigOR
2019/03/20,https://drive.google.com/open?id=15_Nxn65FrdjsRc3wDocKh-y4Fv_Gpe6h,False
2019/03/21,https://drive.google.com/open?id=1XxXFrXJxGgm844s5guSSyb7sRLCeaXs1,https://drive.google.com/open?id=1Ub79yc8Fc-NgrGLnZwSDZ_IRzzBNSE-m
2019/03/22,https://drive.google.com/open?id=1D8eNqrxgPlTIb5yP21xLyKVeunztFN5m,False
2019/03/23,False,False
2019/03/24,False,False
2019/03/25,https://drive.google.com/open?id=1j2oWWD8NBKMk-iFO5gm3GuBdZBXvwQ9q,False
2019/03/26,https://drive.google.com/open?id=1f9t1h_1jtJrPXhJ9KN_rtb1_fHU9oQSN,False
2019/03/27,https://drive.google.com/open?id=19DoW2JlNfy7Tarbatpq_qUGY8ef0SjAB,False
2019/03/28,https://drive.google.com/open?id=1WEJ5tEfS3bKfzm_3Zsu3-IGR_Ru4QGJ6,False
2019/03/29,https://drive.google.com/open?id=13kVv5ytE7l6Wk2YfWK-Foby2Bt3JlNF4,https://drive.google.com/open?id=1FGKtSqcCc3PbL1CgvSWG09K-yOQsUxtx
2019/03/30,False,False
2019/03/31,False,False
2019/04/01,https://drive.google.com/open?id=1aKrhrv6oJDPQ9r46QDIY8BvspJOddlnC,False
2019/04/02,https://drive.google.com/open?id=1P6zkfD60LdXJ6eNnpeUz0odHODF92KPT,False
2019/04/03,https://drive.google.com/open?id=1NbhhZbA6_c2Lg3QqL3Zn9A2Y-7CQKDd-,False
2019/04/04,https://drive.google.com/open?id=1jG1T8wokUQxZkKur_T46FXBPocnkqrxR,False
2019/04/05,https://drive.google.com/open?id=17WzhwdVas7OCrvkTnWJyTXn25bD3supc,https://drive.google.com/open?id=1AxIAYIj36zHW587niix3HMQJsFvDqnUE
2019/04/06,False,False
2019/04/07,https://drive.google.com/open?id=1vzql7dvnsur4uY9UB-k6GwMY5Sh7x1Tk,False
2019/04/08,https://drive.google.com/open?id=1LV_d_il64x9UJt7ZqHchF7F3mfNizKWV,False
2019/04/09,https://drive.google.com/open?id=1a7YsIN9bQAgvqWEVJBuL4HFUtPGdv5h3,False
2019/04/10,https://drive.google.com/open?id=1ZIFdkbjwvASrjfuH1j4B9ll8lEDZkteg,False
2019/04/11,https://drive.google.com/open?id=18VDJikC-aW4F13BkimqOjYIgC8OvzZpF,False
2019/04/12,https://drive.google.com/open?id=1btr1VoDPK7A0IStEmehr5VuTLuMmmBpy,https://drive.google.com/open?id=1NCnVW_pzKbujtnr32EwvSzdTh2E_366k
2019/04/13,False,False
2019/04/14,False,False
2019/04/15,https://drive.google.com/open?id=1zDl6TJMOyiGCsLCIw4hiw6c7LOdCH87k,False
2019/04/16,https://drive.google.com/open?id=16B9yRE5sjM3fwecTLndOfhHCLcCIp59Q,False
2019/04/17,https://drive.google.com/open?id=10xxRMnX8XA4Sj51tGvQ8x-tMJfVazEKi,False
2019/04/18,https://drive.google.com/open?id=1A8ygfRcwWuXPpbACyAflVg-DRizWgfpa,False
2019/04/19,False,False
2019/04/20,False,False
2019/04/21,False,False
2019/04/22,https://drive.google.com/open?id=1N_9UCBtiRF4jmcB1juwjaK-6sXUJSsxh,https://drive.google.com/open?id=1-ILf6JyWSm8NUd5Iacc65BI8iqx76O1a
2019/04/23,https://drive.google.com/open?id=1UhSh8UvgGk8xkdIKG8JJHTbBX6Kjwbra,False
2019/04/24,https://drive.google.com/open?id=1PlFpFASaR8wGZrKck-d3TATkvLGZzbNq,False
2019/04/25,https://drive.google.com/open?id=12OWfindfSdajhTyzkXYYqzU13cFNkd8b,False
2019/04/26,https://drive.google.com/open?id=1GzhzPpIjS6eaQ2fYE297pIlndRJkFVf8,False
2019/04/27,False,False
2019/04/28,False,False
2019/04/29,https://drive.google.com/open?id=1E50tw8D2dkZdi1EWBTcAtWP7m66DoUZ5,False
2019/04/30,https://drive.google.com/open?id=1NY_mp6pagZmS3cSjyaEik2QYVXIAlwkG,False
2019/05/01,False,False
2019/05/02,https://drive.google.com/open?id=1o8jn4s7q2NRYRX56rtL9oXD2zmuqWW3l,False
2019/05/03,https://drive.google.com/open?id=1vtYQBVseni4RXcK2IxKEVamTQDUUy-lQ,False
2019/05/04,False,False
2019/05/05,False,False
2019/05/06,https://drive.google.com/open?id=1CVCqOPdzRVbbuh7ORb2lIrLMIqYYYCoF,False
2019/05/07,https://drive.google.com/open?id=1MMdPD1v3-MdqCY7YSI7Z3Rb6JNb6hdDT,False
2019/05/08,https://drive.google.com/open?id=1fnlzwNLWMvEqVjyub57WKioxrZq3aAJL,False
2019/05/09,https://drive.google.com/open?id=1J7AjlwY9125bKE7QXEsjiyRDXu3FMWw4,False
2019/05/10,https://drive.google.com/open?id=1Bv6UgrdhSlNUtQuC4LEaJ6obGwoARxGk,False
2019/05/11,False,False
2019/05/12,False,False
2019/05/13,https://drive.google.com/open?id=1IWt7bcHfQ0bNdh2N7_6OWAz974Jomf_v,False
2019/05/14,https://drive.google.com/open?id=1bKZTZFbICG5AoULTj6-0zAazCwqEl-AT,False
2019/05/15,https://drive.google.com/open?id=14JXbhAjECuV0Rb-6qJsDNbpoJ_39IB7e,False
2019/05/16,https://drive.google.com/open?id=10bgQAqU1Eg9e07AStp-KgayP8bOdNNWM,False
2019/05/17,https://drive.google.com/open?id=1likZR1U5RxwtlH4AxWZru1pT5VyJ8gpo,False
2019/05/18,False,False
2019/05/19,False,False
2019/05/20,https://drive.google.com/open?id=12awbRv3k-Wql49X4GQ9NprgIeujr5k_E,False
2019/05/21,https://drive.google.com/open?id=1O-99BAYcHTXB21yjgXyLqyFM9OaahGK3,False
2019/05/22,https://drive.google.com/open?id=1D4QeR3EjYl7hdzcFwOJ11h7WfuOe1DhU,False
2019/05/23,https://drive.google.com/open?id=1xAq8sXjDc-rmWSE6tJaPGMfZFzcQIkzG,False
2019/05/24,https://drive.google.com/open?id=1qsl-YrwgsP1yneoFUgWerUjaFU5XL3bV,False
2019/05/25,False,False
2019/05/26,False,False
2019/05/27,https://drive.google.com/open?id=155Fjk1M06tQ-p9iWOnjdNXfOPBTpvQhg,False
2019/05/28,https://drive.google.com/open?id=1wvRqmhrCBdYo3YU5oNIHCurzaaEDPe4m,False
2019/05/29,https://drive.google.com/open?id=1LVY-OYK-0pdzu-KC_TSJhSqtHbFBCoQT,False
2019/05/30,https://drive.google.com/open?id=1jKWM6QJhGK4Ha6dWoOmkgw48arQt1K9x,False
2019/05/31,https://drive.google.com/open?id=1IEsEVbW0xJbZ4HtLakz5_bMHsPq4zBYo,https://drive.google.com/open?id=1l9S6nCpY4Ntw5YQrbJQjGkwyR0HRT2bc
2019/06/01,False,False
2019/06/02,False,False
2019/06/03,https://drive.google.com/open?id=1AQNc4oN5YLDQlqBqcJa7aCxAsEwoTUZ1,False
2019/06/04,https://drive.google.com/open?id=1xLd4XLrzL4C0WqtoBijcfzFHCf4Dc0Xg,False
2019/06/05,https://drive.google.com/open?id=1NsygUmrNg54VUxP1S6G4f79Iv2oWmX1W,False
2019/06/06,https://drive.google.com/open?id=165Ia_fic4BQ459W6JjjLBEJuMdW3Ho1q,False
2019/06/07,https://drive.google.com/open?id=1vfEA1wP0cLdXk_e86ynjsze6lE0F9M0g,False
2019/06/08,False,False
2019/06/09,False,False
2019/06/10,https://drive.google.com/open?id=1-0Zuv7FRaO9jhDjJ4EmxvGEY97MJ0bD_,False
2019/06/11,https://drive.google.com/open?id=1C7X5GkTGwrksFh7cq7TodAf4SlwF_wrZ,False
2019/06/12,https://drive.google.com/open?id=1gwlSCpe0pmEC-xKvV64P5ybl8erL-EEY,False
2019/06/13,https://drive.google.com/open?id=1aNJuBFwaqtpisWQ5_jbq2rIlyzPuOmWl,False
2019/06/14,https://drive.google.com/open?id=1ayEe3Oyr6VDVfwLQV3y8SAM7sxhLcTrE,False
2019/06/15,False,False
2019/06/16,False,False
2019/06/17,https://drive.google.com/open?id=11w5Kw464UgAXmjJGNuHdznNddAhTkMLF,False
2019/06/18,https://drive.google.com/open?id=1Egq6z6tBvuwM_DpOraQ1C9eb3Kga-Ne3,False
2019/06/19,https://drive.google.com/open?id=18f9TqdCpb8cOmNC0h5JODFWlLLWtv6G2,https://drive.google.com/open?id=153GZBmNvBpo9MYse3LUx8Nb3CFVVgcdl
2019/06/20,False,False
2019/06/21,False,False
2019/06/22,False,False
2019/06/23,False,False
2019/06/24,https://drive.google.com/open?id=1bniQwa4j-7tFE8daZsHU-0H2rMofbaME,False
2019/06/25,https://drive.google.com/open?id=1KMu0lJlpwqCqOLO3zD-WuxC0aLp3qCnJ,https://drive.google.com/open?id=1PxLhQ7jQo4NYVsn5jO3hzLv_AifiC4rh
2019/06/26,https://drive.google.com/open?id=1siyfullK6ZNrYTy8EylmTHrrskvg9Wqr,False
2019/06/27,https://drive.google.com/open?id=1Ja5gk5fDA0p_ppGDnPIyNENNfGyX2I_O,False
2019/06/28,https://drive.google.com/open?id=123rm0iaBoiJ72_-fcDmIkXyu5UAgFkD8,https://drive.google.com/open?id=1qIoBI0YW-53wVmh-XTbE61qxwGsx0Whp
2019/06/29,False,False
2019/06/30,False,False
2019/07/01,https://drive.google.com/open?id=1jpPSFD1Y1MYyJiYly-DgQg7EtfsZulvq,False
2019/07/02,https://drive.google.com/open?id=1HKSoJGzPlng5H4rPgziEzqYO0knJp9z0,False
2019/07/03,https://drive.google.com/open?id=1_UlPeVW2KHfvWK2C_OaSQt7C_A9ozmEJ,False
2019/07/04,https://drive.google.com/open?id=1YzNoUWh1rAQ-hCjadl_0yOyqPxRobP9F,False
2019/07/05,https://drive.google.com/open?id=1R7gf5gYP00RuinkkY9EG3WyiUUhldNwQ,https://drive.google.com/open?id=13AmmQxUuOhe-zCF8WEnbvzVj8aTKU9aI
2019/07/06,False,False
2019/07/07,False,False
2019/07/08,https://drive.google.com/open?id=1TEfY_ndC5KTtaa3xXxUMNkZvu9hG6Paz,False
2019/07/09,https://drive.google.com/open?id=1OBefoaoLl89L5GybiiQw4B2rS89DhpNd,False
2019/07/10,https://drive.google.com/open?id=1RSYjZ6GPQ2QcA2_WnLG8ZicQjh6tgzai,https://drive.google.com/open?id=1CVJlA8Rg1ZQqsvqE8Io4qDfFfo6za3-c
2019/07/11,https://drive.google.com/open?id=1FzXOvvGrXil2eJukpUp3Gx4Rrftp_0IP,False
2019/07/12,https://drive.google.com/open?id=1GqKfFpM_qTut2bwcjispxOYRQi2EBrFF,https://drive.google.com/open?id=1hbomzObRpF5lKSZyNQfVD51__Mg0860k
2019/07/13,False,False
2019/07/14,False,False
2019/07/15,https://drive.google.com/open?id=1TONekFamCldhRReIHL01Fy9ehIsQwW2P,False
2019/07/16,https://drive.google.com/open?id=1EMIqN89VPdwMMmts9_sM57Nja1_mAvu4,False
2019/07/17,https://drive.google.com/open?id=1ivx_a3Yagz25IV2HcQ9W6ZkcvylxInpF,https://drive.google.com/open?id=1KP7m_g4NPcMELykyLRGeIXptHu0yoFPM
2019/07/18,https://drive.google.com/open?id=1pTse3jPjiE2fc_xQh2S0QFRDt3yggH2d,False
2019/07/19,https://drive.google.com/open?id=1m6ohhsUcAxJniDeVxHqZO6aTUjHvp9J_,False
2019/07/20,False,False
2019/07/21,False,False
2019/07/22,https://drive.google.com/open?id=1CfElkkCQ-iwYl6SEC8PkCWnZl8yGJx-n,False
2019/07/23,https://drive.google.com/open?id=1DAIKV6u0wnZpD8MnFcXfBiNSqxtORm6K,https://drive.google.com/open?id=1ttwUpnnyBDrRF76fIR4wFR0DyZDzkRb_
2019/07/24,https://drive.google.com/open?id=1erGUIvtO6PWsJFW874wPTALVqGL4HoDR,https://drive.google.com/open?id=1FpNuSHGHvVnG8xNACgGSdUPD6K0CYBAr
2019/07/25,https://drive.google.com/open?id=1n2wsGufXjeQUmLaJbbqt0CqkLBQli-20,False
2019/07/26,https://drive.google.com/open?id=1eg-ocz5ri5Sji1tW7VLK1GGikgdiFXOA,False
2019/07/27,False,False
2019/07/28,False,False
2019/07/29,https://drive.google.com/open?id=1apOF3uK1KSkmewvNNSX4ej6zwZ4PGOas,False
2019/07/30,https://drive.google.com/open?id=1gfHQen31JVHa1Vj6_7XevJ8tGNi9I2NK,https://drive.google.com/open?id=1bRqzXI_xeuy9e6o8-OOR515tAAIJ-2DX
2019/07/31,https://drive.google.com/open?id=1d5kgPey-3Nk92tbctDvTRFuvB3Sjh5EJ,https://drive.google.com/open?id=1xqDpK-w-PKv7klTZYg7HRXk0a7kFh2UM
2019/08/01,https://drive.google.com/open?id=1wtkCk-AhMuWQQ4-_z2CX8XzyW99nBwhh,False
2019/08/02,https://drive.google.com/open?id=1uJTDrJPEndMUZPe6rzlSUtv46_Qpfk7u,False
2019/08/03,False,False
2019/08/04,False,False
2019/08/05,https://drive.google.com/open?id=1jSwGpH1pkw_Z10L7SzpeoE1szYnGitSZ,https://drive.google.com/open?id=1n1kZaAfUm0GadpFvjPLxug5Fe7xwdrZ7
2019/08/06,https://drive.google.com/open?id=1yUCWcwVhlOdKSrXQ3jkHqIrTNxMfPJBq,https://drive.google.com/open?id=1oPmc3IFokSeXXGi-CiqpcXdl111kS21K
2019/08/07,https://drive.google.com/open?id=1zZMxEuhE9bA7UScoVmmbIqsFiuq-I9Jf,https://drive.google.com/open?id=1x579UEQam87vy0A9q3YbdAjCPuAUOszG
2019/08/08,https://drive.google.com/open?id=14AZTEsAhz1UkKkO23ALkiAiTv6uJ144o,False
2019/08/09,https://drive.google.com/open?id=1Gybzij7ahsVMv4Skud_ykOEUuU8TON0m,https://drive.google.com/open?id=1Z3g6g-NheesBjFPKnrWbwcjWXPTPll8b
2019/08/10,False,False
2019/08/11,False,False
2019/08/12,https://drive.google.com/open?id=1EY4P1x1hmeYQEHD-QhI6lj4Vu5YAhGlD,False
2019/08/13,https://drive.google.com/open?id=1kbPBxnNpNoFyMo8mBqdsPy3RZIBUNjfD,https://drive.google.com/open?id=1iV4NW_o8zRBWX7p88oha2WpxhcLWzyE-
2019/08/14,https://drive.google.com/open?id=1NLaiJi-9B8SJWS1Ygz3ztEgAGD-rYW0n,https://drive.google.com/open?id=1ZBj-sZtKYdtvIDyM09mi_vyML0Gfa4ie
2019/08/15,False,False
2019/08/16,False,False
2019/08/17,False,False
2019/08/18,False,False
2019/08/19,https://drive.google.com/open?id=1JfDSeD-elU76v1C6nsTRHvUSV-JISI-N,False
2019/08/20,https://drive.google.com/open?id=1si1nsQDJK9xj0uYaBUAmBiiyqBfxLLxs,https://drive.google.com/open?id=1XpLQqMG6vil5Jhs0cp6_oyGG0mtnh6q7
2019/08/21,https://drive.google.com/open?id=1I1UI6dGYFH-ZSHBUa8VWVwfwUQDI40rf,False
2019/08/22,https://drive.google.com/open?id=1TQQ79-VKecTq1tdr61QzpojTHQ8RrIyK,False
2019/08/23,https://drive.google.com/open?id=1yZcHkPfeJ2s1U-cnMYgxOAgfYXf6aS3u,False
2019/08/24,False,False
2019/08/25,False,False
2019/08/26,https://drive.google.com/open?id=1HDanuOAYxgvnannhmX3vjxIwNrgV1nUp,False
2019/08/27,https://drive.google.com/open?id=1_XwAveMLeJuNNQRo1-haLhNbFIUIbM0k,False
2019/08/28,https://drive.google.com/open?id=1INFIRp_zYT4NWrP2vPyeFgp_GbH0r9vl,False
2019/08/29,https://drive.google.com/open?id=1xuwlgmOnGSlRuqZPDjXgpY9njON1wyji,False
2019/08/30,https://drive.google.com/open?id=1TtXyKPIEYRtrhd7J6-bzC-Qzb4KiwUoE,https://drive.google.com/open?id=1yrvE5BhEOISqknxCbTpt_iQwMJvsR3BP
2019/08/31,False,False
2019/09/01,False,False
2019/09/02,https://drive.google.com/open?id=1Lz4TjdCezTKO-d883RRfh9IDwm2f-pcW,https://drive.google.com/open?id=17f7PXak5BeMCshvTgVUfB1A_0TOMraZ4
2019/09/03,https://drive.google.com/open?id=1XUe7PYTDim7ARkQhPzHhPQYHGjZ_sKBa,https://drive.google.com/open?id=1jTjZPTTWiLlib2kpHa3lljjXAM5-NQJa
2019/09/04,https://drive.google.com/open?id=108QHLv4AoU9-McwHBFUDmslufMMLk_UG,False
2019/09/05,https://drive.google.com/open?id=1omtIFYYpGJysi2EsqKi63K6WvfPdFkOX,https://drive.google.com/open?id=1nTVAAGzRbIpqdxHUNPXaLr6PgshKM98i
2019/09/06,https://drive.google.com/open?id=1UYlHm5lDMKViudkOHLnblTSdpD3aubAf,False
2019/09/07,False,False
2019/09/08,False,False
2019/09/09,https://drive.google.com/open?id=1wE9okUQHRk-3u2buPhPhefBK27TqpqWx,False
2019/09/10,https://drive.google.com/open?id=11GyhFl8tANfUW9iiY_Yz_S4I373MEnAG,False
2019/09/11,https://drive.google.com/open?id=1r09zTNVkBaVtCb-jkwLyxeIJvI9xi0CE,False
2019/09/12,https://drive.google.com/open?id=1ZRIeEcnZ9Y8NTN90mm-z2Gh13u8Q--pb,False
2019/09/13,https://drive.google.com/open?id=1z38YfldiDxtXzosIK1UcAaa4zQ0UKGEx,https://drive.google.com/open?id=1yxHTWyTE0mGMy2gH_gQWb7PKClNIZoWx
2019/09/14,False,False
2019/09/15,False,False
2019/09/16,https://drive.google.com/open?id=1xdVw3Yooh4ehItGzDIBxnGyr80TqnzN7,https://drive.google.com/open?id=1kVYpdcjA-Fcvh3r2m9e_Thhlrugayk6S
2019/09/17,https://drive.google.com/open?id=1CtU-4AE9WHNDGxWN0HqqaIe0UylRHMOj,https://drive.google.com/open?id=1lpuG5Ija32-bTb7PYZw2q5RsKgbtRU0R
2019/09/18,https://drive.google.com/open?id=1Cc59rl3sUIbVowxIrY-u7U-dm1hMJHoJ,False
2019/09/19,https://drive.google.com/open?id=1MFPN633QHKqjIfzgE--ClLrN6U6mX4iA,False
2019/09/20,https://drive.google.com/open?id=1bNDCYYh7BchJPk7zFEdb_FSB69MQtBT9,https://drive.google.com/open?id=1LlcN8dC1Y4iutYXdZGh7KnDDwvq3BAQ-
2019/09/21,False,False
2019/09/22,False,False
2019/09/23,https://drive.google.com/open?id=1jaefPNQQWt9FfhYMaQo1d73ArmYHSlYa,https://drive.google.com/open?id=1TpyVvOs0_gF1GVrsXaEiOV-COa7q8F5w
2019/09/24,https://drive.google.com/open?id=1LtGfwpPikvfZ51hE4d7I2vPMyQlljaxu,https://drive.google.com/open?id=1VXaaGaowkpeTJJsotXLXHz5MIhslkiTy
2019/09/25,https://drive.google.com/open?id=14yywyYUU-5g3ufbj2uKVr99-bS2kHGYA,False
2019/09/26,https://drive.google.com/open?id=17mWmCADgs1QJu_Pia97YNSo12vXw-03c,False
2019/09/27,https://drive.google.com/open?id=1LWUDbqd6GVdgc0R2zW0gZWvTSvHjF_Fs,False
2019/09/28,False,False
2019/09/29,False,False
2019/09/30,https://drive.google.com/open?id=1lzMieEcba3nZzt37xowVDPsWRDIUP65A,False
2019/10/01,https://drive.google.com/open?id=1b5Tpo4GTa2c7pf2CFZ1o6yGDXpMlHNUH,False
2019/10/02,https://drive.google.com/open?id=1UVsQu2Er2NKiCSDDCr3Mj152E1HBNl42,https://drive.google.com/open?id=1OgKffQZWS5vYtiw7KMF0kaLPr7syNN2Q
2019/10/03,https://drive.google.com/open?id=1Bv7w3YmRGMzTZRnFc2kx_S0nHYAW9uiJ,False
2019/10/04,https://drive.google.com/open?id=1JlQDLWZ6TtzGaMEANfKb0Z-TdBSC3JrF,https://drive.google.com/open?id=1pK0n4iy6ByQOO38ALagg2_1PfN5hRZJq
2019/10/05,False,False
2019/10/06,False,False
2019/10/07,https://drive.google.com/open?id=15wy1--dr63WIthRDcbj7lCwh1P0PNRDd,False
2019/10/08,https://drive.google.com/open?id=1sTUVKNO0KuAX0bkaZWpopjpE5dfG6G26,False
2019/10/09,https://drive.google.com/open?id=1wfL8PFIGeS2xT-RG_g4Aj2Gb3iyZYv7z,False
2019/10/10,https://drive.google.com/open?id=1mWJJdxTRXSyHHEAZ96VrwJ2qu3FSKAtc,False
2019/10/11,https://drive.google.com/open?id=1CAzUYvM-3N1VJWGQAiY63euFhVtzmDdZ,https://drive.google.com/open?id=1uEaPSCxgUogqbvUz8jv5rRJeo2sHH02Z
2019/10/12,False,False
2019/10/13,False,False
2019/10/14,https://drive.google.com/open?id=1KgHBg4pZDjByL8H0NPzdo3Hnx7QTOfb1,False
2019/10/15,https://drive.google.com/open?id=1OzoBHVTdtQqI7E5iFa-S3QCJv-omvbPK,False
2019/10/16,https://drive.google.com/open?id=1ufDSeA02VzBu7Z6N_IXbF4sRraZbbWHN,https://drive.google.com/open?id=1a93U0dYBeiQZRaGycjY9YAJzLvwK6-2B
2019/10/17,https://drive.google.com/open?id=1tfc7vp8XShI1JyDrGJmM1LdFZMkNvmTW,False
2019/10/18,https://drive.google.com/open?id=1veXIcp0ucsTa9vq9CzFz6GV7FgJZRXOF,False
2019/10/19,False,False
2019/10/20,False,False
2019/10/21,https://drive.google.com/open?id=1eSeJhC1GBfA8vnONXPmyD64PlPpzUvN6,False
2019/10/22,https://drive.google.com/open?id=1OK0WZaTrtlSXKivLPtxP5eVvhEbvjKb0,False
2019/10/23,https://drive.google.com/open?id=1qiI4nwUGPUCwmLtlyrOx_ttAPXApqYmw,False
2019/10/24,https://drive.google.com/open?id=1AQoW4O4UI_lChhlNw1Dv5UJyTuHK--WK,https://drive.google.com/open?id=1mhX84LE_xDFwW9IJ0vvhVOYkQLQKUOvF
2019/10/25,https://drive.google.com/open?id=1TKA6Fp3w80537P7ZTs6MGDQHZvdpFwdZ,https://drive.google.com/open?id=1WrUP4W44q5l9axtg0ffsoKtuyjUrpi-o
2019/10/26,False,False
2019/10/27,False,False
2019/10/28,False,False
2019/10/29,https://drive.google.com/open?id=1rGPa5MCki5ellhQQL2bjiTkZJ15lA1S_,False
2019/10/30,https://drive.google.com/open?id=1-5UL7YZGffBtFFOff-j5mcRmcxvD6_A-,False
2019/10/31,https://drive.google.com/open?id=1cCBB4kQ2C6MXa3l4HXez0xAF3yIN6QaI,False
2019/11/01,https://drive.google.com/open?id=1ZUBb4Yn6if1sRymvYxm-zl2SNOKS95k1,False
2019/11/02,False,False
2019/11/03,False,False
2019/11/04,https://drive.google.com/open?id=1LpGINWWRp8D6bpvpBlzNNyJhpKyks2RL,False
2019/11/05,https://drive.google.com/open?id=1wIkF-s-p-xJzqQmUSYCPwihp99KmBozk,False
2019/11/06,https://drive.google.com/open?id=1dw8ZaJTwGVXAtPR1lQq6RtJithhgZi0f,False
2019/11/07,https://drive.google.com/open?id=1C7HYRoJPaGUNx6_6Bv-qKotOadeupg-4,False
2019/11/08,https://drive.google.com/open?id=1r2WN-J6tj5p2NTMl4E-wePUHyYAYYIrJ,https://drive.google.com/open?id=1onhPdajLojXlvaoT_NVj-DaafU2rdRD2
2019/11/09,False,False
2019/11/10,False,False
2019/11/11,https://drive.google.com/open?id=1nTgJvVe2_RN5o5o4e_AKN0gfPK3W_x8w,False
2019/11/12,https://drive.google.com/open?id=1tfuiljWDSb7l4bFMBg4inRKSOKLwcN0B,False
2019/11/13,https://drive.google.com/open?id=1XwoCXc4LVUiS85OnskijCViIWf9BqC2c,https://drive.google.com/open?id=1lOQOCWcMf--mx7EJfqFTeJ7jKLm06Hpm
2019/11/14,https://drive.google.com/open?id=1ILRsQSw5D16kzGL1QUEI-TA0CkONRN4g,False
2019/11/15,False,False
2019/11/16,False,False
2019/11/17,False,False
2019/11/18,https://drive.google.com/open?id=13-6EcUtvnx8iKXc6bNTMYhy9hPBUWK7n,False
2019/11/19,https://drive.google.com/open?id=1_NGhqHGAEOP6z2X-Spy41wiSfj7zxSWU,False
2019/11/20,https://drive.google.com/open?id=1AJw3L1_sWZfQGwBydZmPYpOT43X5Xyy_,False
2019/11/21,https://drive.google.com/open?id=1M4UhS5G-oirQk53GUnDfqrqBgBv6qk5A,False
2019/11/22,https://drive.google.com/open?id=1v5j92cS3El7R7Z9RS6pfa-NFquYhe8OJ,False
2019/11/23,False,False
2019/11/24,False,False
2019/11/25,https://drive.google.com/open?id=1DJzEK9kDahtMuKE48ZVZ12bI1rjTCnau,False
2019/11/26,https://drive.google.com/open?id=1tWWOpvTLyOgWAiAZuNrP4_8iHr3umuwH,False
2019/11/27,https://drive.google.com/open?id=1lTNfz_zUUGXgyoGqISHnFec3sayQCfLG,False
2019/11/28,https://drive.google.com/open?id=1mFaTn9qR7um6vFQLb7Z-1IyE_vJ4XaW7,False
2019/11/29,https://drive.google.com/open?id=17H9UKqU1YqaeoNDG8FsqDEIYobYARbj0,False
2019/11/30,False,False
2019/12/01,False,False
2019/12/02,https://drive.google.com/open?id=1tOTVYTJp-sRfE8U_MmVGp0TknT5vnS5v,False
2019/12/03,https://drive.google.com/open?id=1puSv0T5JIR1Q1_u_0C7Qp4fpYlE9KasQ,False
2019/12/04,https://drive.google.com/open?id=1TmjRDq_sI4dO0KbqS-lY7bAuNUfPAJmb,https://drive.google.com/open?id=1vItX-4M5u4OprVMMZTpuqjNLqVtrHgv8
2019/12/05,https://drive.google.com/open?id=1K7141t5c1FxdwQtahQI20YrvGHTXspH7,False
2019/12/06,https://drive.google.com/open?id=10BRXbJHqeLKPHvn8plYjAlbgXi3vW7To,False
2019/12/07,False,False
2019/12/08,False,False
2019/12/09,https://drive.google.com/open?id=1OTJFC10QYTY1iqQuhtc1_9BX3rdVqCAR,False
2019/12/10,https://drive.google.com/open?id=1TZq9AQxPUZmYIK0yYZ0Q59H4EaD764Le,https://drive.google.com/open?id=15pWFoEXTfsyjV_YA6dvhw1RNihdMpWVn
2019/12/11,https://drive.google.com/open?id=1JtbO2dEMtdV8QcV9VcUblO__sj5y4jyi,False
2019/12/12,https://drive.google.com/open?id=1xjWbcRpxC9ud_qT4bu-MIZBG_bW-oyFh,https://drive.google.com/open?id=1SQRGFcPf7RUUaQQe3YEEmM2lXl0s3m8t
2019/12/13,https://drive.google.com/open?id=1OdekQ2ymR5dadttVotZXO_LNaf3VUH2T,https://drive.google.com/open?id=1t-PEgf1WMaraxLgiuuLAveTYRthtmxeO
2019/12/14,False,False
2019/12/15,False,False
2019/12/16,https://drive.google.com/open?id=18FsHQeuqtaJ_FNtrv4xyGLDAvoq--iZ9,https://drive.google.com/open?id=1ptBubikyenzNRbLI7WfbP1AYx0uTPb4b
2019/12/17,https://drive.google.com/open?id=1Joq6zzZzF35UNZxU1WaO3LjDXBfTdN3a,False
2019/12/18,https://drive.google.com/open?id=1mmaTLBxdzyMlSKGsxi6DIIk5VCn_bIXO,https://drive.google.com/open?id=1rQTEth_8i62iZXC9STUrxroJS0zgVoMW
2019/12/19,https://drive.google.com/open?id=1NGamQpfENyWYzgHJUJ2_Jep_6YSp4LDW,https://drive.google.com/open?id=1eH30wI6FOkfMduUWpba9hZZV4OQQ_rnr
2019/12/20,https://drive.google.com/open?id=1A6srT5TmeVVE3dTgcncLkHu5ZgCkwV6J,https://drive.google.com/open?id=1JUeL_oqa8QjSF4hXUAJhL9BQQlGfTBBN
2019/12/21,False,False
2019/12/22,False,False
2019/12/23,https://drive.google.com/open?id=1qhu2pg81BFagISmKSvtJz254RTTiIpyR,https://drive.google.com/open?id=1C1ReSZk5uwk4mWNOyGe0488zODfgve68
2019/12/24,False,False
2019/12/25,False,False
2019/12/26,https://drive.google.com/open?id=1q9yOM-eHlOa3LJYq6jlIGK2b0-WsAK--,https://drive.google.com/open?id=10q7ZGUN5EiCM1i9NEs_ehuzSks7TQEYY
2019/12/27,https://drive.google.com/open?id=1vLhICs8ZDSO9tUsn7KUxYkstzDA42bsT,https://drive.google.com/open?id=1-nTsUq4B-bv1MXRHGlwnhwNuP6HwPpDC
2019/12/28,False,False
2019/12/29,False,False
2019/12/30,https://drive.google.com/open?id=12-ZifjoHyOMFDRhPGCe_zi08XsLJmK0n,https://drive.google.com/open?id=1iQk5k3r6jebxKoLGSOrWRLv5LLunrizu
2019/12/31,https://drive.google.com/open?id=1PzLjgcphhjB9rTU5hpnS9ad9vzUqC6T0,False
2020/01/01,False,False
2020/01/02,https://drive.google.com/open?id=1hFqiVyWKNpafR6Hk_Hk3SY8QEIBloJVT,False
2020/01/03,https://drive.google.com/open?id=1GEfWTeQ5gslp1FVQAOpVdKEZ4pSxftSt,False
2020/01/04,False,False
2020/01/05,False,False
2020/01/06,https://drive.google.com/open?id=1Mi1YGlIG_Jw_8QNFQJa2fGRPpiAknvv5,False
2020/01/07,https://drive.google.com/open?id=1kBysgeEg0m5QTgMeJwWxBAvVUtLsOwOZ,False
2020/01/08,https://drive.google.com/open?id=1hKWD6sqhCyJH5yFhY20T7IE-dTqvGsHd,False
2020/01/09,https://drive.google.com/open?id=1zTdPttw6Q1U-3bvRMJdjwzuukuvT1Gpz,https://drive.google.com/open?id=1b_Vj8eX9plh8e7LCEGz0qzcEGfWDK5fy
2020/01/10,https://drive.google.com/open?id=1pOVb4EhO-99h2KZG1q84czuh6YBSwfoF,https://drive.google.com/open?id=1AGmESisdIJ1elnfGcPK6pZJdvzohpJo8
2020/01/11,False,False
2020/01/12,False,False
2020/01/13,https://drive.google.com/open?id=1MLdq7IKtNooom8MyBOmzyL8e0QugSvgz,False
2020/01/14,https://drive.google.com/open?id=1kUvU0IpwmlLcmd-JLyMscyzlLAbhUSeQ,False
2020/01/15,https://drive.google.com/open?id=1suBgiZPpAoSVP1P1MQ6W_ZmfQ_CMoEYH,False
2020/01/16,https://drive.google.com/open?id=1UhvOW4Qu95dF1xSu0Fgjq0ju38pfkgOX,False
2020/01/17,https://drive.google.com/open?id=1Hc1cHLbM6JAY2pagWVHbahoTScx079_O,https://drive.google.com/open?id=1F9nC9ZbZDBIW8Np6ki1A4v4zOArSzNxd
2020/01/18,False,False
2020/01/19,False,False
2020/01/20,https://drive.google.com/open?id=1BVvW3ceTNgws_F6WSpSHkoimpH_FCmms,False
2020/01/21,https://drive.google.com/open?id=1oGrUSt2jiA0OzT8qMTrr-v5KRqxVnvxO,False
2020/01/22,https://drive.google.com/open?id=1aMc75KCKrHLBlaeW-hosXZWKrj68xXos,False
2020/01/23,https://drive.google.com/open?id=1Fg0Ai63RQFBf9egEu_ViMNaebjy9eNs-,False
2020/01/24,https://drive.google.com/open?id=1jf77bOfNOFKZ1fPwKtYry0lDxVXxnk2K,False
2020/01/25,False,False
2020/01/26,False,False
2020/01/27,https://drive.google.com/open?id=1xXuXGVSq5I8zUH7bAdgIi7uT_3fXZiQ1,https://drive.google.com/open?id=1PYMWEWTLqETktUrd9oe9_GJZ9QtSZz7t
2020/01/28,https://drive.google.com/open?id=1v5ItP4GQCO96nT39BeXesTZed_qknqgv,https://drive.google.com/open?id=12Of13o6TlupK674Hvo9HFLD1Y0KBcEwP
2020/01/29,https://drive.google.com/open?id=1uPDS_myDtwx77pGdzSrqhZJrEqYUTgMo,False
2020/01/30,https://drive.google.com/open?id=13AL4jstd_amaQ7uCZv0amc-53xRxaCo0,False
2020/01/31,https://drive.google.com/open?id=13tV6JwcEk7Pm30z_iOmanc7USd6bpzuO,https://drive.google.com/open?id=1Sw72Lcl3rSpiRo6qTqd3Vl7yxWG_6CDx
2020/02/01,False,False
2020/02/02,False,False
2020/02/03,https://drive.google.com/open?id=1_lREuX2Ipe1jQOZdm-C2n8gVygdkqpey,False
2020/02/04,https://drive.google.com/open?id=15J3GMBiZZ16QkGOXhRlBT7oLL04Z5h04,False
2020/02/05,https://drive.google.com/open?id=1LzKUWk-QAqVM1xYg9_Cl7VY6Xkz6ZboD,False
2020/02/06,https://drive.google.com/open?id=1JwQIjRFIRhlBkaRtlUDEbcXbuZvE_hNc,https://drive.google.com/open?id=16sKNLAnqaokia6TFRoqqDZvXYltP4OlH
2020/02/07,https://drive.google.com/open?id=1ma_1SQHArvZMqElFILmDKyggTljljySO,https://drive.google.com/open?id=1yytzB5fReDX1G3vRyCgMgHwJ7VVL0y5-
2020/02/08,False,False
2020/02/09,False,False
2020/02/10,https://drive.google.com/open?id=1LkRZebu_6hikAmWfzm9zlgBXGiPRLP-k,https://drive.google.com/open?id=1WzxQ4kyLXql7hx8MWcbupUUUCGk5FBYx
2020/02/11,https://drive.google.com/open?id=1FNFhcFZ-ukurdyycCKCdwN8eJ0RZBDJ6,https://drive.google.com/open?id=1jVKrPAnh7I2S6tOGT6lBH5s3snJa-wFZ
2020/02/12,https://drive.google.com/open?id=1w5NPxYI5zvaggk243Eqm_1-p4tTfFn5D,False
2020/02/13,https://drive.google.com/open?id=1745bsKFRntBELy_atgIL0tNsih-X_EcG,False
2020/02/14,https://drive.google.com/open?id=1Re4urRDMoXAtROpWY7t26_D-9j0ih1iP,False
2020/02/15,False,False
2020/02/16,False,False
2020/02/17,https://drive.google.com/open?id=1nF7Q9P5FNzKxD7iM8FP3y-Bg7LJ7gq8h,False
2020/02/18,https://drive.google.com/open?id=1XgT2rhFjltyUXTVyqRc1QahGGiaWy3Re,False
2020/02/19,https://drive.google.com/open?id=1zkxd5utIW5R5Fh5GZP025eKoa9jIhGBE,https://drive.google.com/open?id=1D5Wvy8NMMjZi0V0hW5ZwhHtTvbH7n5Y8
2020/02/20,https://drive.google.com/open?id=1D7mOY_AU1SakEkqRMFsqyfDWt9KU9Lts,False
2020/02/21,https://drive.google.com/open?id=1xmFGXWelhYcF2WV1RAKsVkaxc8hrQZyu,https://drive.google.com/open?id=1gewNds2NM68FTlNC0ek_ATwksFFzk-5X
2020/02/22,False,False
2020/02/23,False,False
2020/02/24,https://drive.google.com/open?id=1HXNLDGLDJ2Wz_Di2mt6FKM1FX2nkp9rN,False
2020/02/25,False,False
2020/02/26,https://drive.google.com/open?id=1QAOeOg7uFlnTZGMjO53nIlGi0TU-w56Y,False
2020/02/27,https://drive.google.com/open?id=1lyed2unmJ8LZ4BEjUGyCs8YsoXfW5PdT,False
2020/02/28,https://drive.google.com/open?id=1Hybc357ykqzRB74YTGZLfs0PD2lFRq2D,False
2020/02/29,False,False
2020/03/01,False,False
2020/03/02,https://drive.google.com/open?id=1qUC0XMXqar8NXZLxa5rL5YgFRkG53RHG,False
2020/03/03,https://drive.google.com/open?id=1TDvRQV5wXwHZEgLpyO09rL2295TU7ziy,False
2020/03/04,https://drive.google.com/open?id=1rkW1YJm75Oa2_BXAsyv80_XgoMV1Pil9,https://drive.google.com/open?id=1DA5RQQ78-w0ARNGjMxpbsPc7qMzQCrLF
2020/03/05,https://drive.google.com/open?id=1SGUm3n0MzkJy2LrX2cKcTBrV_dq3ltUN,False
2020/03/06,https://drive.google.com/open?id=1OBtvki01PmLNUbuhDDoY3PwDpmsC7ZEX,False
2020/03/07,False,False
2020/03/08,False,False
2020/03/09,https://drive.google.com/open?id=1pcLcpDZwkcUXmUAaEa8TVhRQLzAl7ZBq,False
2020/03/10,https://drive.google.com/open?id=1jJZs3jyXW6Ow-fneRIIhuG9n19lkIP0-,False
2020/03/11,https://drive.google.com/open?id=1fxvYJGZCYEUP98NMIIJsMvZRMDRLwdG8,False
2020/03/12,https://drive.google.com/open?id=1bNPhvhlOYH_WqCpWz6ukmXiRlJS_QzTx,False
2020/03/13,https://drive.google.com/open?id=1EtZy8h6bIbPxOS1Xo3E0DKgg3_-6zvCk,False
2020/03/14,False,False
2020/03/15,False,False
2020/03/16,https://drive.google.com/open?id=1GISC_xb5ycayy9IOgPwhZosLYGQZhVIr,https://drive.google.com/open?id=1Kn8WjWL8NGJqHRxbWIiEOGqMtsWaDBlC
2020/03/17,https://drive.google.com/open?id=1zW6jmwSatoJhRCQiALsKP8CGTye15yof,https://drive.google.com/open?id=1P2CGFfcJEySg6chljAtUBO5udOHnHjHa
2020/03/18,https://drive.google.com/open?id=12R83R81SztBA9HgMarTsR9GS-6B8uIz0,https://drive.google.com/open?id=1HO8gkJpl7x5xKNhJpGZLvjlKk-5wOtpL
2020/03/19,https://drive.google.com/open?id=1f6bXXAaLmPka4nNW7jPZZwV7NjbODy3h,https://drive.google.com/open?id=1EFGsDwqx6JWjomFM6kz31CN2n-M-h5lK
2020/03/20,https://drive.google.com/open?id=11Kd1Q2UtKwqsG1C-L3RvVPmLkqrsU3C3,https://drive.google.com/open?id=15qFvGCwFGStE9u_N5KkRmXSf6jMC0NeJ
2020/03/21,False,False
2020/03/22,False,False
2020/03/23,https://drive.google.com/open?id=1-VDDl3qPq-T-xRvI4IQU8ueeleavmc1f,https://drive.google.com/open?id=1R4aBcVfOP2RRLNu26W9TIe0CRAMaBkqE
2020/03/24,https://drive.google.com/open?id=11thrYyySSf24gXeIFQDi-9fb2zvnOopD,https://drive.google.com/open?id=1CRbyVruZQck-7iU8muUSTuiPpn11ZIsY
2020/03/25,https://drive.google.com/open?id=1qNh8AC8id-ku_kTmCN37H_LzH8IxPYlI,False
2020/03/26,https://drive.google.com/open?id=1u_ie6KH52a7Ls4CROwE8oOtQE8yaKVrN,https://drive.google.com/open?id=1EkSbG63tprSUUozx8r1zQ_DeaDYJmUsl
2020/03/27,https://drive.google.com/open?id=1tNtG3eV8Hnmw4T9JOE5eYPJUh7HrLiea,https://drive.google.com/open?id=1KgZpOh5lK67ItBjHld15kmd1v3NnDKqP
2020/03/28,False,False
2020/03/29,False,False
2020/03/30,https://drive.google.com/open?id=1_hxH0DV5H-fnZFT_JJy7xRVGoZIMUdja,https://drive.google.com/open?id=1MK2jdDWzyBOy51MndgD5mE_RJvaT6mGK
2020/03/31,https://drive.google.com/open?id=1REtcjikcXHNTdE71dFtniD2Vh82oR1fl,https://drive.google.com/open?id=19Ja91vBiLwCR0wixzoyjZ9bPtMccoG8h
2020/04/01,https://drive.google.com/open?id=1lmjY0roIFjz4KFM5xYkxJTIEdU5MAQal,https://drive.google.com/open?id=14l5R5Ba4uaAfUGa_B7K5Pf_KYbnKSUyc
2020/04/02,https://drive.google.com/open?id=1SfmuP3_5bernxLwwjJyh5MpLBIQosIbI,https://drive.google.com/open?id=1sYt2kid_pe9vVO68cJeZzzbViQ7LnBFM
2020/04/03,https://drive.google.com/open?id=1wD3jiXK7TNMpuxWbfY9FS8c8nIJ4IEI8,https://drive.google.com/open?id=1mqvHve1-lV5mnUJZmzEkdnPyssL9JFFY
2020/04/04,False,False
2020/04/05,False,False
2020/04/06,https://drive.google.com/open?id=1B0_1x2J3ZqqfYuub62n-DQCcRAgKItR9,https://drive.google.com/open?id=1842spyj54Hn4WGzcWvZCRP1_KE6jZMrt
2020/04/07,https://drive.google.com/open?id=1_gQgnb8tQ-Id1Ngl4v4ClaWqutpmjRL2,https://drive.google.com/open?id=1bvkJqmTl7lxFb1XqF1oTZ_UmU0HpL6a0
2020/04/08,https://drive.google.com/open?id=1WI2Q25WYkW2mYIF--9YQTvC37qNpi0it,False
2020/04/09,https://drive.google.com/open?id=10zH0hD3zzqHKF-0Ei_1-hKxtUvAnb29m,https://drive.google.com/open?id=1xYsRpb4QyMGPx_B1_dL_N27gGIYNnE46
2020/04/10,https://drive.google.com/open?id=1GWH4FRcYJbjFgaHN6q1GU7I1OypURLyM,False
2020/04/11,False,False
2020/04/12,False,False
2020/04/13,https://drive.google.com/open?id=1oyIy57WANe4SuHrK_0I8Q78BG3S3WWP4,https://drive.google.com/open?id=1S8uGkR0QWLP-svoFt_4QOLdUjGk9QhpS
2020/04/14,https://drive.google.com/open?id=1jvIrTu2kel4yGM6hnhUhh2bcgJcHvkVD,https://drive.google.com/open?id=13EWZfxpfoKi2qKgsoUD1DW2vHIpa8rzy
2020/04/15,https://drive.google.com/open?id=1x3TbXAHhHOopZh1XE3jSEXIeEF9AK_x1,https://drive.google.com/open?id=1QRgQ0q5udKd-ub7LGbWEJHKfRJh_RzAk
2020/04/16,https://drive.google.com/open?id=1lXRbGTzZVksR9yK5URg4WtFszULx3dD8,https://drive.google.com/open?id=1flumQn5oCsf40sk9J9IMi4QwNf-k0FXv
2020/04/17,https://drive.google.com/open?id=12um8Fgq4mOVF0K_8RVlNZE09rZDy1ob2,https://drive.google.com/open?id=1aTV9Y6SLpA3Q1yRKqHUBFh9N8jw8y4w_
2020/04/18,False,False
2020/04/19,False,False
2020/04/20,https://drive.google.com/open?id=1xCYADvaEA_T3uwz_fOeHACjtdPlOUAgb,False
2020/04/21,https://drive.google.com/open?id=1ILuqOR0We8a1N1JXp4YpE4ocw61Zv9NF,False
2020/04/22,https://drive.google.com/open?id=142pZpP-fS7BHywsbuG0CzWnKhWXqxvXA,https://drive.google.com/open?id=1RNa4SWYVTj20cmN7ywFl5fUWidNB0xof
2020/04/23,https://drive.google.com/open?id=1WQCnHmZ1EzxRPHY_xTwvKRoveDAAuizS,False
2020/04/24,https://drive.google.com/open?id=1f9X5xNL76NZ7b3x2ZWJx65IK9-mzxbFJ,False
2020/04/25,False,False
2020/04/26,False,False
2020/04/27,https://drive.google.com/open?id=1VXnXwWB9fbeZzCSSNkhbj3tYnfJ0A_Jk,https://drive.google.com/open?id=1Ygh7S1BCWwbrg86bqeczMzmI1_MYUndP
2020/04/28,https://drive.google.com/open?id=1dR3mP0nTzBZiTLsDBwoWGwJzKT8-HFM3,False
2020/04/29,https://drive.google.com/open?id=1MCoR5UQpF6PR_otOQ57pyrraXmR_tVoY,False
2020/04/30,https://drive.google.com/open?id=1RRXrbJqfZeArJjkvsN7MkIfcMhfsy3U6,https://drive.google.com/open?id=1TE4Vj-bBwKSz3zDXiAhFFGhALM8NcbaM
2020/05/01,https://drive.google.com/open?id=1wpHoO2xdOA5L-hZHChBBNghDY89GRwmK,False
2020/05/02,False,False
2020/05/03,False,False
2020/05/04,https://drive.google.com/open?id=1bRws6dkoERK48YMR-W59jihLSP3OfdLK,False
2020/05/05,https://drive.google.com/open?id=1-Ru_yHDNKWaT0zWmlUFva0s7LOGy6GOb,https://drive.google.com/open?id=1lq3lQ1HTdZ99i_FJrRD4B5K5B-HsfWci
2020/05/06,https://drive.google.com/open?id=1xC6TcrODmABtbfHcFcmMQwtmZwqhfKc_,https://drive.google.com/open?id=1Sf2O8HJmMy0f1n7LzBYv3WZNRQS0whw7
2020/05/07,https://drive.google.com/open?id=1R2t5k4JSsAjBqbyKM-D78gc77gOS9QNa,https://drive.google.com/open?id=1rW20B7tm8E3vfCBRu2hJzxSEzsLc4iSE
2020/05/08,https://drive.google.com/open?id=1I_l8UbfSOwo4WydhWhqLQO3VMm77R9gR,https://drive.google.com/open?id=1M-f6IUgLoCB3h8Ql4ySWpdCPEXBwWjvz
2020/05/09,False,False
2020/05/10,False,False
2020/05/11,https://drive.google.com/open?id=1SGUpmEAR0RnQBuCiNzxMuZFHfuLp_HbC,False
2020/05/12,https://drive.google.com/open?id=1cN_YJgOC2CfcAC-LjepjeA5T3WtDmrOZ,https://drive.google.com/open?id=1lqTm9P3A0W04nTSkdV2umTGRS11HjHx7
2020/05/13,https://drive.google.com/open?id=15iNibZO3RdINLvvL7lbj8wR3CiYKHrbv,False
2020/05/14,https://drive.google.com/open?id=1ZE2Aw9WPz_gkoqQfy3U7ipFg2vMmWxfP,https://drive.google.com/open?id=1fRrdcsMtwBCGVZ94BMkq1ekO9G04icpe
2020/05/15,https://drive.google.com/open?id=1e1uTUqYwqIpVskUo7q3dagdhzzjCnOWR,https://drive.google.com/open?id=1_kr0ttMqBRe4Z4gbgTNWWiCDY67RebKt
2020/05/16,https://drive.google.com/open?id=1oNG-V-5liNwFXz9zzutf8VJiVkMZNPy8,False
2020/05/17,False,False
2020/05/18,https://drive.google.com/open?id=1g8iAu4Cigd6TuasTkHH73ZDr8_rDk-a7,https://drive.google.com/open?id=1yi4ongVr6abNstS6wZNwmO3PWlIA3fMk
2020/05/19,https://drive.google.com/open?id=16engs4sSw7RLRJVsFPt7HdMwaJDtnbEb,False
2020/05/20,https://drive.google.com/open?id=1dwbADrh2JADhAhaIYWLpL1OoYE0lNMho,https://drive.google.com/open?id=16q_ntLJ2oZ3C6EEl5T5iYbXyL-0bQPVE
2020/05/21,https://drive.google.com/open?id=1RA-tdMUni5BLPj-UmWyhPKrjOO7E3Lit,False
2020/05/22,https://drive.google.com/open?id=1TFQpaVfmWoDQljz2Ffk8t3A8pbvFKowy,https://drive.google.com/open?id=1D-QIZOl0A2WlOdcL7YTZ__1ZfMGJtoxD
2020/05/23,https://drive.google.com/open?id=1Pf4OXxPrini3jUW43SIAni6n_xEzgZT7,False
2020/05/24,False,False
2020/05/25,https://drive.google.com/open?id=1TpG2wFE0BMWq-mevcciZCKJS9edYW4fK,https://drive.google.com/open?id=1p7IriBl2owjMkLq5vSWx10JY12yXD93I
2020/05/26,https://drive.google.com/open?id=1MirqcMiojdcFz2ECPV2MpB4SGwylkUeg,False
2020/05/27,https://drive.google.com/open?id=18WRDHnFUanL7fVBp4C-_S48Nv7Pg6wUs,https://drive.google.com/open?id=1DAw-b4HTEJiQbRLCODObITta9vDc3cbv
2020/05/28,https://drive.google.com/open?id=1kOXsS8bFRABWRMwcQH0Uw00mYQRgxm4-,https://drive.google.com/open?id=1QQuSdEzHxNDIiGyJ7D6tFh1-xLS2uayy
2020/05/29,https://drive.google.com/open?id=1nzxE96VqojuZO-B-Kf6gkl23QblaNJzX,False
2020/05/30,False,False
2020/05/31,https://drive.google.com/open?id=1e7c9YVkMzIuIlh7zo_peznKtxmIqbbAE,https://drive.google.com/open?id=1bII0ichMlyHtmCQl8YpOWmQhyJXvpwPg
2020/06/01,https://drive.google.com/open?id=11auCz98n0cIqk2W4DheDTajDQjvAWbfN,False
2020/06/02,https://drive.google.com/open?id=1pURxi2Kh7rRIPLk7VNKjFP3Zl8-vmpSc,False
2020/06/03,https://drive.google.com/open?id=1Fzljobi98_BuBI6o_177xzAB8WD7SgaI,https://drive.google.com/open?id=1rpMHWEkQ59dVNSpRSWYzBv2v1YLRazg8
2020/06/04,https://drive.google.com/open?id=1tteLEh_R2-TYB2lgfSAJmy779xlspqfb,False
2020/06/05,https://drive.google.com/file/d/1MAncbP2N0G0m7G1lq2OpeXpehF2BaHfp/view?usp=sharing,https://drive.google.com/open?id=1ZWxzu8WfTpnd3r4tcEkfesiIb-gWUoFW
2020/06/06,False,False
2020/06/07,False,False
2020/06/08,https://drive.google.com/open?id=1nvnDBVIL6zkD5xS5fUSRz-99IroWldfB,False
2020/06/09,https://drive.google.com/open?id=1P6Uu38flB4twLgPr-PYnVWugl47lsmmK,https://drive.google.com/open?id=1YJ-6x0_2YMi3aw50kcy7PEA4__EukX9u
2020/06/10,https://drive.google.com/open?id=1CFypyMCf1nYMA6z-D1D5SEjSwBKFmjPM,https://drive.google.com/open?id=16QQsl69dCmUmW2S-xN98R7uhTRJVCtds
2020/06/11,False,False
2020/06/12,https://drive.google.com/open?id=1iRqmGfl_c75pDtgdjgDZfi-xY59khDrI,False
2020/06/13,False,False
2020/06/14,False,False
2020/06/15,https://drive.google.com/open?id=15hmnqY6bAE0WYxkXxnFmUWFBD9XAGl0a,False
2020/06/16,https://drive.google.com/open?id=18ptAxZ1g_J27f7-h563NZJHP20YbAsK1,https://drive.google.com/open?id=1-R6SFrxPBubC5o5c83uilvwyS4Kukim_
2020/06/17,https://drive.google.com/open?id=1wn_NyTxn3sKb9tx6OQw7LLvrjOSYlyve,False
2020/06/18,https://drive.google.com/open?id=1UKHzo6Q8XygxIYEJxPEzE0lDS0pPSkEb,False
2020/06/19,https://drive.google.com/open?id=1D9juJR5Q37hh-dUqXmPV1LyPmumX3W6m,False
2020/06/20,False,False
2020/06/21,False,False
2020/06/22,https://drive.google.com/file/d/1wlDpyt1xHJRmRdX3xG5vaFJfWmgKS_Zm/view?usp=sharing,https://drive.google.com/file/d/1VmU8oDwLd2KrSsIeAkSb1KLx5J0NH3Zs/view?usp=sharing
2020/06/23,https://drive.google.com/file/d/1NSvfE3v1AMNRJ3Nk47nJWO-51QwGZuuf/view?usp=sharing,False
2020/06/24,https://drive.google.com/file/d/1RT7C5A4TxSylkwNSPME6Nn3sglNoKLD_/view?usp=sharing,False
2020/06/25,https://drive.google.com/file/d/15oCcOr_pFc_p7hTT4G8RSbAZPGmqKNQx/view?usp=sharing,False
2020/06/26,https://drive.google.com/file/d/1Zu-axsNC9fTfHlmRKLqZ1aoRax1BTdvt/view?usp=sharing,https://drive.google.com/file/d/1kJLM3dnbVfXGUOKM6YisSc9f6Zzs5xww/view?usp=sharing
2020/06/27,False,False
2020/06/28,False,False
2020/06/29,https://drive.google.com/file/d/19FDLY0R0UXgI6M9fsmSL2NHc6FDt1uhc/view?usp=sharing,False
2020/06/30,https://drive.google.com/file/d/16_DV80wWLdCqwctjFkNHEqyqyqyl1BNc/view?usp=sharing,False
2020/07/01,https://drive.google.com/file/d/1XXWIOJsUvTHEkEUzy9QK1KWGQLeLyMkq/view?usp=sharing,https://drive.google.com/file/d/1RSDbc4PgvbznFhc69Hk4TTzGHa7mTkNN/view?usp=sharing
2020/07/02,https://drive.google.com/file/d/11ZdAyHAQSKqnWsCy4NrtG564nmEFVwaU/view?usp=sharing,https://drive.google.com/file/d/1oWiS_StcySPU62P-4fjeLtMiCvdZ6NDI/view?usp=sharing
2020/07/03,https://drive.google.com/file/d/1LugAIS2MzJoEdeM3iWVAocc90je9jV3g/view?usp=sharing,False
2020/07/04,False,False
2020/07/05,False,False
2020/07/06,https://drive.google.com/file/d/12R2UO1Mo5bbvMcWTx-DaRXk3jyw1qONR/view?usp=sharing,False
2020/07/07,https://drive.google.com/file/d/1ZUqSknXB6j9dyVDxP2Adt8ml2hz0c4UG/view?usp=sharing,False
2020/07/08,https://drive.google.com/file/d/1bnDhBDOqtMSfO_hjcgIEQAJH6fm3-zDI/view?usp=sharing,False
2020/07/09,https://drive.google.com/file/d/1bU4pTzp7K7OgtQW70S9rtUnZK-COH6Jn/view?usp=sharing,False
2020/07/10,https://drive.google.com/file/d/1dscU4fv5xofRov-8yrSayECOguKUzxGi/view?usp=sharing,https://drive.google.com/file/d/1okckpGZbem9DyXP-NXpkFoMPoPxjFXZx/view?usp=sharing
2020/07/11,False,False
2020/07/12,False,False
2020/07/13,https://drive.google.com/file/d/1pWKsKlW-jMmjWYyKThdw0RWIlPiBpURk/view?usp=sharing,False
2020/07/14,https://drive.google.com/file/d/1t2S7dcq0nqpFzAU7zD6ApyHOop76OFtv/view?usp=sharing,False
2020/07/15,https://drive.google.com/file/d/1q19CxEo7u5uNgWSWNFi7JEwgXFdMSdHu/view?usp=sharing,https://drive.google.com/file/d/1J6YgYs2HCM032o37dm8e1FfctZxcrLih/view?usp=sharing
2020/07/16,https://drive.google.com/file/d/1QMlzYBNcd1k5ZXrAGMM-wYUWdSRFAr0w/view?usp=sharing,False
2020/07/17,https://drive.google.com/file/d/1OA397LXIbOheveoizTVbsCwfgcejd6ur/view?usp=sharing,https://drive.google.com/file/d/1GFdp3TDoL56msOHzdfRR16HrM6TnDaLS/view?usp=sharing
2020/07/18,False,False
2020/07/19,False,False
2020/07/20,https://drive.google.com/file/d/11D-vKYnrFy3U0sdODxFCSC_ICzhB--3G/view?usp=sharing,False
2020/07/21,https://drive.google.com/file/d/1fghd_9nvj7GJFS5JqjjVvJghAwlElKdx/view?usp=sharing,False
2020/07/22,https://drive.google.com/file/d/1AJbA5AsFRF-Z7AxssmxA4VULuv-0TbjB/view?usp=sharing,https://drive.google.com/file/d/1r-TUBSPYXiDSW4Pk2kDongemD8Rc0f_Q/view?usp=sharing
2020/07/23,https://drive.google.com/file/d/1tK9iRqertadFjkxa8hhISHK1DiYocvvh/view?usp=sharing,False
2020/07/24,https://drive.google.com/file/d/10hj3VENMZia59h4xWDe-1D86v-nhSq9V/view?usp=sharing,https://drive.google.com/file/d/1oqO04OKBDkBlfkvbJQmH5O3vq0lgDUGR/view?usp=sharing
2020/07/25,False,False
2020/07/26,False,False
2020/07/27,https://drive.google.com/file/d/1yq-gtdsyewIMeuv6tPI_l3ZoX3L_Qmh2/view?usp=sharing,False
2020/07/28,https://drive.google.com/file/d/1N1pkkaCwSUUDXrMqgfarai4e70AC467A/view?usp=sharing,False
2020/07/29,https://drive.google.com/file/d/14fQKrqaNXRrMEwbn3Y234CF0-4b9ggs0/view?usp=sharing,False
2020/07/30,https://drive.google.com/file/d/1QS4W9euxncRwWKeQAWZOyRgs4Fzk0RYJ/view?usp=sharing,False
2020/07/31,https://drive.google.com/file/d/1qPVfFvJ3AmO_72vKiq6FGdmC42HQkcsc/view?usp=sharing,https://drive.google.com/file/d/1SelbURAnLXZrIO8tkRbv6HlKbPGumxZK/view?usp=sharing
2020/08/01,False,False
2020/08/02,False,False
2020/08/03,https://drive.google.com/file/d/1bV6QMFUIBO2hcT6bpPSO88QKtgZKiwDX/view?usp=sharing,False
2020/08/04,https://drive.google.com/file/d/1x2hb2FOn65l7GMdnT25YhsG8ynAEWSmi/view?usp=sharing,False
2020/08/05,https://drive.google.com/file/d/1brO1l1kVq_7O7kzKQWb3sVduM5KwoSMN/view?usp=sharing,False
2020/08/06,https://drive.google.com/file/d/1bnI0sdYZC7Iz6tMF1U_ropoKd4_GYj3N/view?usp=sharing,https://drive.google.com/file/d/1ONw-hk-vqlnloW5ekpYQ-zgib5rJFaF0/view?usp=sharing
2020/08/07,https://drive.google.com/file/d/1DJLIb5LyiNiiSq-Mq2C3yKFBGLDAv2FE/view?usp=sharing,https://drive.google.com/file/d/1-EbSWOyBof0Ew9JNG4-bGKsd9rwGLrP3/view?usp=sharing
2020/08/08,False,False
2020/08/09,False,False
2020/08/10,https://drive.google.com/file/d/1Julgzyff3lA-dTHRg76H93i7HW5gAz4u/view?usp=sharing,False
2020/08/11,https://drive.google.com/file/d/1eCjlrfjy_3KN-V4HV-yZ6UaE7xwzPFgo/view?usp=sharing,False
2020/08/12,https://drive.google.com/file/d/1s_E7Y1h2ootMes4WojAi2KyeOlM1xAZ6/view?usp=sharing,https://drive.google.com/file/d/1jMoB4fdcN-XfZk-3LIFrRgAi6ILV3uGJ/view?usp=sharing
2020/08/13,https://drive.google.com/file/d/10VD1cOH91OCFZXOlkMXatLksQVzrMkVB/view?usp=sharing,https://drive.google.com/file/d/1mW73OMTvCB1vO5ofbg5vAm7sMqf1unrk/view?usp=sharing
2020/08/14,https://drive.google.com/file/d/1n3_m4NZ6Km0j7vsZFo6py4E6jVsnBbEO/view?usp=sharing,https://drive.google.com/file/d/1DMmvswrHOpBO7UgZNymEBLu5cRGjPXv6/view?usp=sharing
2020/08/15,False,False
2020/08/16,False,False
2020/08/17,https://drive.google.com/file/d/1q7-4L_Q-yQVdRum1ysMU6dD6ja0p-Kmw/view?usp=sharing,https://drive.google.com/file/d/1-R0ULfXR4qIYsgqK8STFQs_yo57dhjYb/view?usp=sharing
2020/08/18,https://drive.google.com/file/d/1Dcb8565Dm4OyD3nowJTPk1DMrSUJpi9_/view?usp=sharing,False
2020/08/19,https://drive.google.com/file/d/1OL3uwf8RGlz9b8KupCQSlKcHgSQKyCyD/view?usp=sharing,False
2020/08/20,https://drive.google.com/file/d/1Zqr4inRqtw2DRRs5aMMVcv5Fi9GegtvZ/view?usp=sharing,https://drive.google.com/file/d/1rq_l2Ehgzg6eVSUF7Ux5IRuscJBSL0bL/view?usp=sharing
2020/08/21,https://drive.google.com/file/d/1cvHj4LvuEchuiDZ5stlmvcoQC2tNzIN-/view?usp=sharing,False
2020/08/22,False,False
2020/08/23,False,False
2020/08/24,https://drive.google.com/file/d/1WD5FlKehyLXkDW1wz5pxrD_xqfw3mpCb/view?usp=sharing,False
2020/08/25,https://drive.google.com/file/d/1X5QPg3JwCYfFJu_yq7tbH06nr2_Cl0W3/view?usp=sharing,https://drive.google.com/file/d/1LPYGp7xfLEQy8vcIzI3DxvaXOT-FH1d2/view?usp=sharing
2020/08/26,https://drive.google.com/file/d/1pOmdvjsJluX9CaxkD66Apsj4wJ9JQDNm/view?usp=sharing,https://drive.google.com/file/d/1oTjyHMvvUsJlFg9ihHOULjeSMVyeIbiE/view?usp=sharing
2020/08/27,https://drive.google.com/file/d/1k-_ApZIX0lI23hfNiMuoh4xpGNQDPetP/view?usp=sharing,https://drive.google.com/file/d/1pVTfDOf0ftuxEqm1kDVbmniOzlmK_gD2/view?usp=sharing
2020/08/28,https://drive.google.com/file/d/1qCgz-gsovEBstVXw21p32TW3YTzWnIa_/view?usp=sharing,https://drive.google.com/file/d/1jKZQ1U-Rz5LZgEp-os2YVo9vHI28c77W/view?usp=sharing
2020/08/29,False,False
2020/08/30,False,False
2020/08/30,False,False
2020/08/31,https://drive.google.com/file/d/1n9M6SgmTrl3pTA43y0H93Vzjo_IEAej2/view?usp=sharing,False
2020/08/31,https://drive.google.com/file/d/1n9M6SgmTrl3pTA43y0H93Vzjo_IEAej2/view?usp=sharing,False
2020/08/31,https://drive.google.com/file/d/1n9M6SgmTrl3pTA43y0H93Vzjo_IEAej2/view?usp=sharing,False
2020/09/01,https://drive.google.com/file/d/1Ab58T1lFCEUPfywSxaCFjsn7nT68k6N6/view?usp=sharing,False
2020/09/02,https://drive.google.com/file/d/1mtSOFH-Gkvt_6Pz1LAtVhivTCG8kQvp-/view?usp=sharing,https://drive.google.com/file/d/1JoKzQtdjcjncvPzbBrTaKovicfRjT5s6/view?usp=sharing
2020/09/03,https://drive.google.com/file/d/1cnmi7Sl-uvtlzBQBs-mw89W1U_X-MXeA/view?usp=sharing,https://drive.google.com/file/d/1Ea6M0LK5Tc2ztkCLDKTGBsHXw_oV4Xlg/view?usp=sharing
2020/09/04,https://drive.google.com/file/d/1p1XhxK0Y0ToIXYF_wx8ZvvEENlc9fum5/view?usp=sharing,False
2020/09/05,False,False
2020/09/06,False,False
2020/09/07,False,False
2020/09/08,https://drive.google.com/file/d/1bpBEqdFo3ZhgmlRhwD9IUfl7hTfymTwE/view?usp=sharing,False
2020/09/09,https://drive.google.com/file/d/1Bir6v-E5oGzkePG1O_hansBGYXdoXZZG/view?usp=sharing,False
2020/09/09,https://drive.google.com/file/d/1Bir6v-E5oGzkePG1O_hansBGYXdoXZZG/view?usp=sharing,False
2020/09/09,https://drive.google.com/file/d/1Bir6v-E5oGzkePG1O_hansBGYXdoXZZG/view?usp=sharing,False
2020/09/09,https://drive.google.com/file/d/1Bir6v-E5oGzkePG1O_hansBGYXdoXZZG/view?usp=sharing,False
2020/09/09,https://drive.google.com/file/d/1Bir6v-E5oGzkePG1O_hansBGYXdoXZZG/view?usp=sharing,False
2020/09/09,https://drive.google.com/file/d/1Bir6v-E5oGzkePG1O_hansBGYXdoXZZG/view?usp=sharing,False
2020/09/09,https://drive.google.com/file/d/1Bir6v-E5oGzkePG1O_hansBGYXdoXZZG/view?usp=sharing,False
2020/09/09,https://drive.google.com/file/d/1Bir6v-E5oGzkePG1O_hansBGYXdoXZZG/view?usp=sharing,False
2020/09/09,https://drive.google.com/file/d/1Bir6v-E5oGzkePG1O_hansBGYXdoXZZG/view?usp=sharing,False
2020/09/09,https://drive.google.com/file/d/1Bir6v-E5oGzkePG1O_hansBGYXdoXZZG/view?usp=sharing,False
